frame_num,frame_times,scope_pulse_idx,olf_pulse_idx,baseline_idx,peakresp_idx,trialtrace_idx
1,29.8390491,1,0,0,0,0
2,30.0040326,1,0,0,0,0
3,30.1690161,1,0,0,0,0
4,30.3339996,1,0,0,0,0
5,30.4989831,1,0,0,0,0
6,30.6629667,1,0,0,0,0
7,30.8279502,1,0,0,0,0
8,30.9929337,1,0,0,0,0
9,31.1579172,1,0,0,0,0
10,31.3229007,1,0,0,0,0
11,31.4878842,1,0,0,0,0
12,31.6528677,1,0,0,0,0
13,31.8178512,1,0,0,0,0
14,31.9828347,1,0,0,0,0
15,32.1478182,1,0,0,0,0
16,32.3128017,1,0,0,0,0
17,32.4777852,1,0,0,0,0
18,32.6427687,1,0,0,0,0
19,32.8077522,1,0,0,0,0
20,32.9717358,1,0,0,0,0
21,33.1367193,1,0,0,0,0
22,33.3017028,1,0,0,0,0
23,33.4666863,1,0,0,0,0
24,33.6316698,1,0,0,0,0
25,33.7966533,1,0,0,0,0
26,33.9616368,1,0,0,0,0
27,34.1266203,1,0,0,0,0
28,34.2916038,1,0,0,0,0
29,34.4565873,1,0,0,0,0
30,34.6215708,1,0,0,0,0
31,34.7865543,1,0,0,0,0
32,34.9515378,1,0,0,0,0
33,35.1155214,1,0,0,0,0
34,35.2805049,1,0,0,0,0
35,35.4454884,1,0,0,0,0
36,35.6104719,1,0,0,0,0
37,35.7754554,1,0,0,0,0
38,35.9404389,1,0,0,0,0
39,36.1054224,1,0,0,0,0
40,36.2704059,1,0,0,0,0
41,36.4353894,1,0,0,0,0
42,36.6003729,1,0,0,0,0
43,36.7653564,1,0,0,0,0
44,36.9303399,1,0,0,0,0
45,37.0953234,1,0,0,0,0
46,37.2603069,1,0,0,0,0
47,37.4242905,1,0,0,0,0
48,37.589274,1,0,0,0,0
49,37.7542575,1,0,0,0,0
50,37.919241,1,0,0,0,0
51,38.0842245,1,0,0,0,0
52,38.249208,1,0,0,0,0
53,38.4141915,1,0,0,0,0
54,38.579175,1,0,0,0,0
55,38.7441585,1,0,0,0,0
56,38.909142,1,0,0,0,0
57,39.0741255,1,0,0,0,0
58,39.239109,1,0,0,0,0
59,39.4040925,1,0,0,0,0
60,39.569076,1,0,0,0,0
61,39.7330596,1,0,0,0,0
62,39.8980431,1,0,1,0,1
63,40.0630266,1,0,1,0,1
64,40.2280101,1,0,1,0,1
65,40.3929936,1,0,1,0,1
66,40.5579771,1,0,1,0,1
67,40.7229606,1,0,1,0,1
68,40.8879441,1,0,1,0,1
69,41.0529276,1,0,1,0,1
70,41.2179111,1,0,1,0,1
71,41.3828946,1,0,1,0,1
72,41.5478781,1,0,1,0,1
73,41.7128616,1,0,1,0,1
74,41.8778451,1,0,1,0,1
75,42.0418287,1,0,1,0,1
76,42.2068122,1,0,1,0,1
77,42.3717957,1,0,1,0,1
78,42.5367792,1,0,1,0,1
79,42.7017627,1,0,1,0,1
80,42.8667462,1,0,1,0,1
81,43.0317297,1,0,1,0,1
82,43.1967132,1,0,1,0,1
83,43.3616967,1,0,1,0,1
84,43.5266802,1,0,1,0,1
85,43.6916637,1,0,1,0,1
86,43.8566472,1,0,1,0,1
87,44.0216307,1,0,1,0,1
88,44.1856143,1,0,1,0,1
89,44.3505978,1,0,1,0,1
90,44.5155813,1,0,1,0,1
91,44.6805648,1,0,1,0,1
92,44.8455483,1,0,1,0,1
93,45.0105318,1,0,1,0,1
94,45.1755153,1,0,1,0,1
95,45.3404988,1,0,1,0,1
96,45.5054823,1,0,1,0,1
97,45.6704658,1,0,1,0,1
98,45.8354493,1,0,1,0,1
99,46.0004328,1,0,1,0,1
100,46.1654163,1,0,1,0,1
101,46.3303998,1,0,1,0,1
102,46.4943834,1,0,1,0,1
103,46.6593669,1,0,1,0,1
104,46.8243504,1,0,1,0,1
105,46.9893339,1,0,1,0,1
106,47.1543174,1,0,1,0,1
107,47.3193009,1,0,1,0,1
108,47.4842844,1,0,1,0,1
109,47.6492679,1,0,1,0,1
110,47.8142514,1,0,1,0,1
111,47.9792349,1,0,1,0,1
112,48.1442184,1,0,1,0,1
113,48.3092019,1,0,1,0,1
114,48.4741854,1,0,1,0,1
115,48.6391689,1,0,1,0,1
116,48.8031525,1,0,1,0,1
117,48.968136,1,0,1,0,1
118,49.1331195,1,0,1,0,1
119,49.298103,1,0,1,0,1
120,49.4630865,1,0,1,0,1
121,49.62807,1,0,1,0,1
122,49.7930535,1,0,1,0,1
123,49.958037,1,1,0,1,1
124,50.1230205,1,1,0,1,1
125,50.288004,1,1,0,1,1
126,50.4529875,1,1,0,1,1
127,50.617971,1,1,0,1,1
128,50.7829545,1,1,0,1,1
129,50.947938,1,1,0,1,1
130,51.1119216,1,1,0,1,1
131,51.2769051,1,1,0,1,1
132,51.4418886,1,1,0,1,1
133,51.6068721,1,1,0,1,1
134,51.7718556,1,1,0,1,1
135,51.9368391,1,0,0,1,1
136,52.1018226,1,0,0,1,1
137,52.2668061,1,0,0,1,1
138,52.4317896,1,0,0,1,1
139,52.5967731,1,0,0,1,1
140,52.7617566,1,0,0,1,1
141,52.9267401,1,0,0,1,1
142,53.0917236,1,0,0,1,1
143,53.2567071,1,0,0,1,1
144,53.4206907,1,0,0,1,1
145,53.5856742,1,0,0,1,1
146,53.7506577,1,0,0,1,1
147,53.9156412,1,0,0,1,1
148,54.0806247,1,0,0,1,1
149,54.2456082,1,0,0,1,1
150,54.4105917,1,0,0,1,1
151,54.5755752,1,0,0,1,1
152,54.7405587,1,0,0,1,1
153,54.9055422,1,0,0,0,1
154,55.0705257,1,0,0,0,1
155,55.2355092,1,0,0,0,1
156,55.4004927,1,0,0,0,1
157,55.5654762,1,0,0,0,1
158,55.7294598,1,0,0,0,1
159,55.8944433,1,0,0,0,1
160,56.0594268,1,0,0,0,1
161,56.2244103,1,0,0,0,1
162,56.3893938,1,0,0,0,1
163,56.5543773,1,0,0,0,1
164,56.7193608,1,0,0,0,1
165,56.8843443,1,0,0,0,1
166,57.0493278,1,0,0,0,1
167,57.2143113,1,0,0,0,1
168,57.3792948,1,0,0,0,1
169,57.5442783,1,0,0,0,1
170,57.7092618,1,0,0,0,1
171,57.8742453,1,0,0,0,1
172,58.0382289,1,0,0,0,1
173,58.2032124,1,0,0,0,1
174,58.3681959,1,0,0,0,1
175,58.5331794,1,0,0,0,1
176,58.6981629,1,0,0,0,1
177,58.8631464,1,0,0,0,1
178,59.0281299,1,0,0,0,1
179,59.1931134,1,0,0,0,1
180,59.3580969,1,0,0,0,1
181,59.5230804,1,0,0,0,1
182,59.6880639,1,0,0,0,1
183,59.8530474,1,0,0,0,1
184,60.0180309,1,0,0,0,1
185,60.1830144,1,0,0,0,1
186,60.346998,1,0,0,0,1
187,60.5119815,1,0,0,0,1
188,60.676965,1,0,0,0,1
189,60.8419485,1,0,0,0,1
190,61.006932,1,0,0,0,1
191,61.1719155,1,0,0,0,1
192,61.336899,1,0,0,0,1
193,61.5018825,1,0,0,0,1
194,61.666866,1,0,0,0,1
195,61.8318495,1,0,0,0,1
196,61.996833,1,0,0,0,1
197,62.1618165,1,0,0,0,1
198,62.3268,1,0,0,0,1
199,62.4917835,1,0,0,0,1
200,62.6557671,1,0,0,0,1
201,62.8207506,1,0,0,0,1
202,62.9857341,1,0,0,0,1
203,63.1507176,1,0,0,0,1
204,63.3157011,1,0,0,0,1
205,63.4806846,1,0,0,0,1
206,63.6456681,1,0,0,0,1
207,63.8106516,1,0,0,0,1
208,63.9756351,1,0,0,0,1
209,64.1406186,1,0,0,0,1
210,64.3056021,1,0,0,0,1
211,64.4705856,1,0,0,0,1
212,64.6355691,1,0,0,0,1
213,64.8005526,1,0,0,0,1
214,64.9645362,1,0,0,0,1
215,65.1295197,1,0,0,0,1
216,65.2945032,1,0,0,0,1
217,65.4594867,1,0,0,0,1
218,65.6244702,1,0,0,0,1
219,65.7894537,1,0,0,0,1
220,65.9544372,1,0,0,0,1
221,66.1194207,1,0,0,0,1
222,66.2844042,1,0,0,0,1
223,66.4493877,1,0,0,0,1
224,66.6143712,1,0,0,0,1
225,66.7793547,1,0,0,0,1
226,66.9443382,1,0,0,0,1
227,67.1093217,1,0,0,0,1
228,67.2733053,1,0,0,0,1
229,67.4382888,1,0,0,0,1
230,67.6032723,1,0,0,0,1
231,67.7682558,1,0,0,0,1
232,67.9332393,1,0,0,0,1
233,68.0982228,1,0,0,0,1
234,68.2632063,1,0,0,0,1
235,68.4281898,1,0,0,0,1
236,68.5931733,1,0,0,0,1
237,68.7581568,1,0,0,0,1
238,68.9231403,1,0,0,0,1
239,69.0881238,1,0,0,0,1
240,69.2531073,1,0,0,0,1
241,69.4180908,1,0,0,0,1
242,69.5820744,1,0,0,0,1
243,69.7470579,1,0,0,0,1
244,69.9120414,1,0,0,0,0
245,70.0770249,1,0,0,0,0
246,70.2420084,1,0,0,0,0
247,70.4069919,1,0,0,0,0
248,70.5719754,1,0,0,0,0
249,70.7369589,1,0,0,0,0
250,70.9019424,1,0,0,0,0
251,71.0669259,1,0,0,0,0
252,71.2319094,1,0,0,0,0
253,71.3968929,1,0,0,0,0
254,71.5618764,1,0,0,0,0
255,71.7268599,1,0,0,0,0
256,71.8908435,1,0,0,0,0
257,72.055827,1,0,0,0,0
258,72.2208105,1,0,0,0,0
259,72.385794,1,0,0,0,0
260,72.5507775,1,0,0,0,0
261,72.715761,1,0,0,0,0
262,72.8807445,1,0,0,0,0
263,73.045728,1,0,0,0,0
264,73.2107115,1,0,0,0,0
265,73.375695,1,0,0,0,0
266,73.5406785,1,0,0,0,0
267,73.705662,1,0,0,0,0
268,73.8706455,1,0,0,0,0
269,74.035629,1,0,0,0,0
270,74.1996126,1,0,0,0,0
271,74.3645961,1,0,0,0,0
272,74.5295796,1,0,0,0,0
273,74.6945631,1,0,0,0,0
274,74.8595466,1,0,0,0,0
275,75.0245301,1,0,0,0,0
276,75.1895136,1,0,0,0,0
277,75.3544971,1,0,0,0,0
278,75.5194806,1,0,0,0,0
279,75.6844641,1,0,0,0,0
280,75.8494476,1,0,0,0,0
281,76.0144311,1,0,0,0,0
282,76.1794146,1,0,0,0,0
283,76.3443981,1,0,0,0,0
284,76.5083817,1,0,0,0,0
285,76.6733652,1,0,0,0,0
286,76.8383487,1,0,0,0,0
287,77.0033322,1,0,0,0,0
288,77.1683157,1,0,0,0,0
289,77.3332992,1,0,0,0,0
290,77.4982827,1,0,0,0,0
291,77.6632662,1,0,0,0,0
292,77.8282497,1,0,0,0,0
293,77.9932332,1,0,0,0,0
294,78.1582167,1,0,0,0,0
295,78.3232002,1,0,0,0,0
296,78.4881837,1,0,0,0,0
297,78.6531672,1,0,0,0,0
298,78.8171508,1,0,0,0,0
299,78.9821343,1,0,0,0,0
300,79.1471178,1,0,0,0,0
301,79.3121013,1,0,0,0,0
302,79.4770848,1,0,0,0,0
303,79.6420683,1,0,0,0,0
304,79.8070518,1,0,0,0,0
305,79.9720353,1,0,0,0,0
306,80.1370188,1,0,0,0,0
307,80.3020023,1,0,0,0,0
308,80.4669858,1,0,0,0,0
309,80.6319693,1,0,0,0,0
310,80.7969528,1,0,0,0,0
311,80.9619363,1,0,0,0,0
312,81.1259199,1,0,0,0,0
313,81.2909034,1,0,0,0,0
314,81.4558869,1,0,0,0,0
315,81.6208704,1,0,0,0,0
316,81.7858539,1,0,0,0,0
317,81.9508374,1,0,0,0,0
318,82.1158209,1,0,0,0,0
319,82.2808044,1,0,0,0,0
320,82.4457879,1,0,0,0,0
321,82.6107714,1,0,0,0,0
322,82.7757549,1,0,0,0,0
323,82.9407384,1,0,0,0,0
324,83.1057219,1,0,0,0,0
325,83.2707054,1,0,0,0,0
326,83.434689,1,0,0,0,0
327,83.5996725,1,0,0,0,0
328,83.764656,1,0,0,0,0
329,83.9296395,1,0,0,0,0
330,84.094623,1,0,0,0,0
331,84.2596065,1,0,0,0,0
332,84.42459,1,0,0,0,0
333,84.5895735,1,0,0,0,0
334,84.754557,1,0,0,0,0
335,84.9195405,1,0,0,0,0
336,85.084524,1,0,0,0,0
337,85.2495075,1,0,0,0,0
338,85.414491,1,0,0,0,0
339,85.5794745,1,0,0,0,0
340,85.7434581,1,0,0,0,0
341,85.9084416,1,0,0,0,0
342,86.0734251,1,0,0,0,0
343,86.2384086,1,0,0,0,0
344,86.4033921,1,0,0,0,0
345,86.5683756,1,0,0,0,0
346,86.7333591,1,0,0,0,0
347,86.8983426,1,0,2,0,2
348,87.0633261,1,0,2,0,2
349,87.2283096,1,0,2,0,2
350,87.3932931,1,0,2,0,2
351,87.5582766,1,0,2,0,2
352,87.7232601,1,0,2,0,2
353,87.8882436,1,0,2,0,2
354,88.0522272,1,0,2,0,2
355,88.2172107,1,0,2,0,2
356,88.3821942,1,0,2,0,2
357,88.5471777,1,0,2,0,2
358,88.7121612,1,0,2,0,2
359,88.8771447,1,0,2,0,2
360,89.0421282,1,0,2,0,2
361,89.2071117,1,0,2,0,2
362,89.3720952,1,0,2,0,2
363,89.5370787,1,0,2,0,2
364,89.7020622,1,0,2,0,2
365,89.8670457,1,0,2,0,2
366,90.0320292,1,0,2,0,2
367,90.1970127,1,0,2,0,2
368,90.3609963,1,0,2,0,2
369,90.5259798,1,0,2,0,2
370,90.6909633,1,0,2,0,2
371,90.8559468,1,0,2,0,2
372,91.0209303,1,0,2,0,2
373,91.1859138,1,0,2,0,2
374,91.3508973,1,0,2,0,2
375,91.5158808,1,0,2,0,2
376,91.6808643,1,0,2,0,2
377,91.8458478,1,0,2,0,2
378,92.0108313,1,0,2,0,2
379,92.1758148,1,0,2,0,2
380,92.3407983,1,0,2,0,2
381,92.5057818,1,0,2,0,2
382,92.6697654,1,0,2,0,2
383,92.8347489,1,0,2,0,2
384,92.9997324,1,0,2,0,2
385,93.1647159,1,0,2,0,2
386,93.3296994,1,0,2,0,2
387,93.4946829,1,0,2,0,2
388,93.6596664,1,0,2,0,2
389,93.8246499,1,0,2,0,2
390,93.9896334,1,0,2,0,2
391,94.1546169,1,0,2,0,2
392,94.3196004,1,0,2,0,2
393,94.4845839,1,0,2,0,2
394,94.6495674,1,0,2,0,2
395,94.8145509,1,0,2,0,2
396,94.9785345,1,0,2,0,2
397,95.143518,1,0,2,0,2
398,95.3085015,1,0,2,0,2
399,95.473485,1,0,2,0,2
400,95.6384685,1,0,2,0,2
401,95.803452,1,0,2,0,2
402,95.9684355,1,0,2,0,2
403,96.133419,1,0,2,0,2
404,96.2984025,1,0,2,0,2
405,96.463386,1,0,2,0,2
406,96.6283695,1,0,2,0,2
407,96.793353,1,0,2,0,2
408,96.9583365,1,2,0,2,2
409,97.12332,1,2,0,2,2
410,97.2883035,1,2,0,2,2
411,97.4522871,1,2,0,2,2
412,97.6172706,1,2,0,2,2
413,97.7822541,1,2,0,2,2
414,97.9472376,1,2,0,2,2
415,98.1122211,1,2,0,2,2
416,98.2772046,1,2,0,2,2
417,98.4421881,1,2,0,2,2
418,98.6071716,1,2,0,2,2
419,98.7721551,1,2,0,2,2
420,98.9371386,1,0,0,2,2
421,99.1021221,1,0,0,2,2
422,99.2671056,1,0,0,2,2
423,99.4320891,1,0,0,2,2
424,99.5970726,1,0,0,2,2
425,99.7610562,1,0,0,2,2
426,99.9260397,1,0,0,2,2
427,100.0910232,1,0,0,2,2
428,100.2560067,1,0,0,2,2
429,100.4209902,1,0,0,2,2
430,100.5859737,1,0,0,2,2
431,100.7509572,1,0,0,2,2
432,100.9159407,1,0,0,2,2
433,101.0809242,1,0,0,2,2
434,101.2459077,1,0,0,2,2
435,101.4108912,1,0,0,2,2
436,101.5758747,1,0,0,2,2
437,101.7408582,1,0,0,2,2
438,101.9058417,1,0,0,0,2
439,102.0698253,1,0,0,0,2
440,102.2348088,1,0,0,0,2
441,102.3997923,1,0,0,0,2
442,102.5647758,1,0,0,0,2
443,102.7297593,1,0,0,0,2
444,102.8947428,1,0,0,0,2
445,103.0597263,1,0,0,0,2
446,103.2247098,1,0,0,0,2
447,103.3896933,1,0,0,0,2
448,103.5546768,1,0,0,0,2
449,103.7196603,1,0,0,0,2
450,103.8846438,1,0,0,0,2
451,104.0496273,1,0,0,0,2
452,104.2146108,1,0,0,0,2
453,104.3785944,1,0,0,0,2
454,104.5435779,1,0,0,0,2
455,104.7085614,1,0,0,0,2
456,104.8735449,1,0,0,0,2
457,105.0385284,1,0,0,0,2
458,105.2035119,1,0,0,0,2
459,105.3684954,1,0,0,0,2
460,105.5334789,1,0,0,0,2
461,105.6984624,1,0,0,0,2
462,105.8634459,1,0,0,0,2
463,106.0284294,1,0,0,0,2
464,106.1934129,1,0,0,0,2
465,106.3583964,1,0,0,0,2
466,106.5233799,1,0,0,0,2
467,106.6873635,1,0,0,0,2
468,106.852347,1,0,0,0,2
469,107.0173305,1,0,0,0,2
470,107.182314,1,0,0,0,2
471,107.3472975,1,0,0,0,2
472,107.512281,1,0,0,0,2
473,107.6772645,1,0,0,0,2
474,107.842248,1,0,0,0,2
475,108.0072315,1,0,0,0,2
476,108.172215,1,0,0,0,2
477,108.3371985,1,0,0,0,2
478,108.502182,1,0,0,0,2
479,108.6671655,1,0,0,0,2
480,108.832149,1,0,0,0,2
481,108.9961326,1,0,0,0,2
482,109.1611161,1,0,0,0,2
483,109.3260996,1,0,0,0,2
484,109.4910831,1,0,0,0,2
485,109.6560666,1,0,0,0,2
486,109.8210501,1,0,0,0,2
487,109.9860336,1,0,0,0,2
488,110.1510171,1,0,0,0,2
489,110.3160006,1,0,0,0,2
490,110.4809841,1,0,0,0,2
491,110.6459676,1,0,0,0,2
492,110.8109511,1,0,0,0,2
493,110.9759346,1,0,0,0,2
494,111.1409181,1,0,0,0,2
495,111.3059016,1,0,0,0,2
496,111.4698852,1,0,0,0,2
497,111.6348687,1,0,0,0,2
498,111.7998522,1,0,0,0,2
499,111.9648357,1,0,0,0,2
500,112.1298192,1,0,0,0,2
501,112.2948027,1,0,0,0,2
502,112.4597862,1,0,0,0,2
503,112.6247697,1,0,0,0,2
504,112.7897532,1,0,0,0,2
505,112.9547367,1,0,0,0,2
506,113.1197202,1,0,0,0,2
507,113.2847037,1,0,0,0,2
508,113.4496872,1,0,0,0,2
509,113.6146707,1,0,0,0,2
510,113.7786543,1,0,0,0,2
511,113.9436378,1,0,0,0,2
512,114.1086213,1,0,0,0,2
513,114.2736048,1,0,0,0,2
514,114.4385883,1,0,0,0,2
515,114.6035718,1,0,0,0,2
516,114.7685553,1,0,0,0,2
517,114.9335388,1,0,0,0,2
518,115.0985223,1,0,0,0,2
519,115.2635058,1,0,0,0,2
520,115.4284893,1,0,0,0,2
521,115.5934728,1,0,0,0,2
522,115.7584563,1,0,0,0,2
523,115.9234398,1,0,0,0,2
524,116.0874234,1,0,0,0,2
525,116.2524069,1,0,0,0,2
526,116.4173904,1,0,0,0,2
527,116.5823739,1,0,0,0,2
528,116.7473574,1,0,0,0,2
529,116.9123409,1,0,0,0,0
530,117.0773244,1,0,0,0,0
531,117.2423079,1,0,0,0,0
532,117.4072914,1,0,0,0,0
533,117.5722749,1,0,0,0,0
534,117.7372584,1,0,0,0,0
535,117.9022419,1,0,0,0,0
536,118.0672254,1,0,0,0,0
537,118.2322089,1,0,0,0,0
538,118.3961925,1,0,0,0,0
539,118.561176,1,0,0,0,0
540,118.7261595,1,0,0,0,0
541,118.891143,1,0,0,0,0
542,119.0561265,1,0,0,0,0
543,119.22111,1,0,0,0,0
544,119.3860935,1,0,0,0,0
545,119.551077,1,0,0,0,0
546,119.7160605,1,0,0,0,0
547,119.881044,1,0,0,0,0
548,120.0460275,1,0,0,0,0
549,120.211011,1,0,0,0,0
550,120.3759945,1,0,0,0,0
551,120.540978,1,0,0,0,0
552,120.7049616,1,0,0,0,0
553,120.8699451,1,0,0,0,0
554,121.0349286,1,0,0,0,0
555,121.1999121,1,0,0,0,0
556,121.3648956,1,0,0,0,0
557,121.5298791,1,0,0,0,0
558,121.6948626,1,0,0,0,0
559,121.8598461,1,0,0,0,0
560,122.0248296,1,0,0,0,0
561,122.1898131,1,0,0,0,0
562,122.3547966,1,0,0,0,0
563,122.5197801,1,0,0,0,0
564,122.6847636,1,0,0,0,0
565,122.8497471,1,0,0,0,0
566,123.0147306,1,0,0,0,0
567,123.1787142,1,0,0,0,0
568,123.3436977,1,0,0,0,0
569,123.5086812,1,0,0,0,0
570,123.6736647,1,0,0,0,0
571,123.8386482,1,0,0,0,0
572,124.0036317,1,0,0,0,0
573,124.1686152,1,0,0,0,0
574,124.3335987,1,0,0,0,0
575,124.4985822,1,0,0,0,0
576,124.6635657,1,0,0,0,0
577,124.8285492,1,0,0,0,0
578,124.9935327,1,0,0,0,0
579,125.1585162,1,0,0,0,0
580,125.3234997,1,0,0,0,0
581,125.4874833,1,0,0,0,0
582,125.6524668,1,0,0,0,0
583,125.8174503,1,0,0,0,0
584,125.9824338,1,0,0,0,0
585,126.1474173,1,0,0,0,0
586,126.3124008,1,0,0,0,0
587,126.4773843,1,0,0,0,0
588,126.6423678,1,0,0,0,0
589,126.8073513,1,0,0,0,0
590,126.9723348,1,0,0,0,0
591,127.1373183,1,0,0,0,0
592,127.3023018,1,0,0,0,0
593,127.4672853,1,0,0,0,0
594,127.6322688,1,0,0,0,0
595,127.7962524,1,0,0,0,0
596,127.9612359,1,0,0,0,0
597,128.1262194,1,0,0,0,0
598,128.2912029,1,0,0,0,0
599,128.4561864,1,0,0,0,0
600,128.6211699,1,0,0,0,0
601,128.7861534,1,0,0,0,0
602,128.9511369,1,0,0,0,0
603,129.1161204,1,0,0,0,0
604,129.2811039,1,0,0,0,0
605,129.4460874,1,0,0,0,0
606,129.6110709,1,0,0,0,0
607,129.7760544,1,0,0,0,0
608,129.9410379,1,0,0,0,0
609,130.1060214,1,0,0,0,0
610,130.270005,1,0,0,0,0
611,130.4349885,1,0,0,0,0
612,130.599972,1,0,0,0,0
613,130.7649555,1,0,0,0,0
614,130.929939,1,0,0,0,0
615,131.0949225,1,0,0,0,0
616,131.259906,1,0,0,0,0
617,131.4248895,1,0,0,0,0
618,131.589873,1,0,0,0,0
619,131.7548565,1,0,0,0,0
620,131.91984,1,0,0,0,0
621,132.0848235,1,0,0,0,0
622,132.249807,1,0,0,0,0
623,132.4147905,1,0,0,0,0
624,132.5787741,1,0,0,0,0
625,132.7437576,1,0,0,0,0
626,132.9087411,1,0,0,0,0
627,133.0737246,1,0,0,0,0
628,133.2387081,1,0,0,0,0
629,133.4036916,1,0,0,0,0
630,133.5686751,1,0,0,0,0
631,133.7336586,1,0,0,0,0
632,133.8986421,1,0,3,0,3
633,134.0636256,1,0,3,0,3
634,134.2286091,1,0,3,0,3
635,134.3935926,1,0,3,0,3
636,134.5585761,1,0,3,0,3
637,134.7235596,1,0,3,0,3
638,134.8875432,1,0,3,0,3
639,135.0525267,1,0,3,0,3
640,135.2175102,1,0,3,0,3
641,135.3824937,1,0,3,0,3
642,135.5474772,1,0,3,0,3
643,135.7124607,1,0,3,0,3
644,135.8774442,1,0,3,0,3
645,136.0424277,1,0,3,0,3
646,136.2074112,1,0,3,0,3
647,136.3723947,1,0,3,0,3
648,136.5373782,1,0,3,0,3
649,136.7023617,1,0,3,0,3
650,136.8673452,1,0,3,0,3
651,137.0323287,1,0,3,0,3
652,137.1963123,1,0,3,0,3
653,137.3612958,1,0,3,0,3
654,137.5262793,1,0,3,0,3
655,137.6912628,1,0,3,0,3
656,137.8562463,1,0,3,0,3
657,138.0212298,1,0,3,0,3
658,138.1862133,1,0,3,0,3
659,138.3511968,1,0,3,0,3
660,138.5161803,1,0,3,0,3
661,138.6811638,1,0,3,0,3
662,138.8461473,1,0,3,0,3
663,139.0111308,1,0,3,0,3
664,139.1761143,1,0,3,0,3
665,139.3410978,1,0,3,0,3
666,139.5060813,1,0,3,0,3
667,139.6700649,1,0,3,0,3
668,139.8350484,1,0,3,0,3
669,140.0000319,1,0,3,0,3
670,140.1650154,1,0,3,0,3
671,140.3299989,1,0,3,0,3
672,140.4949824,1,0,3,0,3
673,140.6599659,1,0,3,0,3
674,140.8249494,1,0,3,0,3
675,140.9899329,1,0,3,0,3
676,141.1549164,1,0,3,0,3
677,141.3198999,1,0,3,0,3
678,141.4848834,1,0,3,0,3
679,141.6498669,1,0,3,0,3
680,141.8148504,1,0,3,0,3
681,141.978834,1,0,3,0,3
682,142.1438175,1,0,3,0,3
683,142.308801,1,0,3,0,3
684,142.4737845,1,0,3,0,3
685,142.638768,1,0,3,0,3
686,142.8037515,1,0,3,0,3
687,142.968735,1,0,3,0,3
688,143.1337185,1,0,3,0,3
689,143.298702,1,0,3,0,3
690,143.4636855,1,0,3,0,3
691,143.628669,1,0,3,0,3
692,143.7936525,1,3,0,3,3
693,143.958636,1,3,0,3,3
694,144.1236195,1,3,0,3,3
695,144.2876031,1,3,0,3,3
696,144.4525866,1,3,0,3,3
697,144.6175701,1,3,0,3,3
698,144.7825536,1,3,0,3,3
699,144.9475371,1,3,0,3,3
700,145.1125206,1,3,0,3,3
701,145.2775041,1,3,0,3,3
702,145.4424876,1,3,0,3,3
703,145.6074711,1,3,0,3,3
704,145.7724546,1,0,0,3,3
705,145.9374381,1,0,0,3,3
706,146.1024216,1,0,0,3,3
707,146.2674051,1,0,0,3,3
708,146.4323886,1,0,0,3,3
709,146.5973721,1,0,0,3,3
710,146.7613557,1,0,0,3,3
711,146.9263392,1,0,0,3,3
712,147.0913227,1,0,0,3,3
713,147.2563062,1,0,0,3,3
714,147.4212897,1,0,0,3,3
715,147.5862732,1,0,0,3,3
716,147.7512567,1,0,0,3,3
717,147.9162402,1,0,0,3,3
718,148.0812237,1,0,0,3,3
719,148.2462072,1,0,0,3,3
720,148.4111907,1,0,0,3,3
721,148.5761742,1,0,0,3,3
722,148.7411577,1,0,0,3,3
723,148.9061412,1,0,0,0,3
724,149.0701248,1,0,0,0,3
725,149.2351083,1,0,0,0,3
726,149.4000918,1,0,0,0,3
727,149.5650753,1,0,0,0,3
728,149.7300588,1,0,0,0,3
729,149.8950423,1,0,0,0,3
730,150.0600258,1,0,0,0,3
731,150.2250093,1,0,0,0,3
732,150.3899928,1,0,0,0,3
733,150.5549763,1,0,0,0,3
734,150.7199598,1,0,0,0,3
735,150.8849433,1,0,0,0,3
736,151.0499268,1,0,0,0,3
737,151.2149103,1,0,0,0,3
738,151.3788939,1,0,0,0,3
739,151.5438774,1,0,0,0,3
740,151.7088609,1,0,0,0,3
741,151.8738444,1,0,0,0,3
742,152.0388279,1,0,0,0,3
743,152.2038114,1,0,0,0,3
744,152.3687949,1,0,0,0,3
745,152.5337784,1,0,0,0,3
746,152.6987619,1,0,0,0,3
747,152.8637454,1,0,0,0,3
748,153.0287289,1,0,0,0,3
749,153.1937124,1,0,0,0,3
750,153.3586959,1,0,0,0,3
751,153.5236794,1,0,0,0,3
752,153.6886629,1,0,0,0,3
753,153.8526465,1,0,0,0,3
754,154.01763,1,0,0,0,3
755,154.1826135,1,0,0,0,3
756,154.347597,1,0,0,0,3
757,154.5125805,1,0,0,0,3
758,154.677564,1,0,0,0,3
759,154.8425475,1,0,0,0,3
760,155.007531,1,0,0,0,3
761,155.1725145,1,0,0,0,3
762,155.337498,1,0,0,0,3
763,155.5024815,1,0,0,0,3
764,155.667465,1,0,0,0,3
765,155.8324485,1,0,0,0,3
766,155.997432,1,0,0,0,3
767,156.1614156,1,0,0,0,3
768,156.3263991,1,0,0,0,3
769,156.4913826,1,0,0,0,3
770,156.6563661,1,0,0,0,3
771,156.8213496,1,0,0,0,3
772,156.9863331,1,0,0,0,3
773,157.1513166,1,0,0,0,3
774,157.3163001,1,0,0,0,3
775,157.4812836,1,0,0,0,3
776,157.6462671,1,0,0,0,3
777,157.8112506,1,0,0,0,3
778,157.9762341,1,0,0,0,3
779,158.1412176,1,0,0,0,3
780,158.3062011,1,0,0,0,3
781,158.4701847,1,0,0,0,3
782,158.6351682,1,0,0,0,3
783,158.8001517,1,0,0,0,3
784,158.9651352,1,0,0,0,3
785,159.1301187,1,0,0,0,3
786,159.2951022,1,0,0,0,3
787,159.4600857,1,0,0,0,3
788,159.6250692,1,0,0,0,3
789,159.7900527,1,0,0,0,3
790,159.9550362,1,0,0,0,3
791,160.1200197,1,0,0,0,3
792,160.2850032,1,0,0,0,3
793,160.4499867,1,0,0,0,3
794,160.6149702,1,0,0,0,3
795,160.7799537,1,0,0,0,3
796,160.9439373,1,0,0,0,3
797,161.1089208,1,0,0,0,3
798,161.2739043,1,0,0,0,3
799,161.4388878,1,0,0,0,3
800,161.6038713,1,0,0,0,3
801,161.7688548,1,0,0,0,3
802,161.9338383,1,0,0,0,3
803,162.0988218,1,0,0,0,3
804,162.2638053,1,0,0,0,3
805,162.4287888,1,0,0,0,3
806,162.5937723,1,0,0,0,3
807,162.7587558,1,0,0,0,3
808,162.9237393,1,0,0,0,3
809,163.0887228,1,0,0,0,3
810,163.2527064,1,0,0,0,3
811,163.4176899,1,0,0,0,3
812,163.5826734,1,0,0,0,3
813,163.7476569,1,0,0,0,3
814,163.9126404,1,0,0,0,0
815,164.0776239,1,0,0,0,0
816,164.2426074,1,0,0,0,0
817,164.4075909,1,0,0,0,0
818,164.5725744,1,0,0,0,0
819,164.7375579,1,0,0,0,0
820,164.9025414,1,0,0,0,0
821,165.0675249,1,0,0,0,0
822,165.2325084,1,0,0,0,0
823,165.3974919,1,0,0,0,0
824,165.5614755,1,0,0,0,0
825,165.726459,1,0,0,0,0
826,165.8914425,1,0,0,0,0
827,166.056426,1,0,0,0,0
828,166.2214095,1,0,0,0,0
829,166.386393,1,0,0,0,0
830,166.5513765,1,0,0,0,0
831,166.71636,1,0,0,0,0
832,166.8813435,1,0,0,0,0
833,167.046327,1,0,0,0,0
834,167.2113105,1,0,0,0,0
835,167.376294,1,0,0,0,0
836,167.5412775,1,0,0,0,0
837,167.706261,1,0,0,0,0
838,167.8712445,1,0,0,0,0
839,168.0352281,1,0,0,0,0
840,168.2002116,1,0,0,0,0
841,168.3651951,1,0,0,0,0
842,168.5301786,1,0,0,0,0
843,168.6951621,1,0,0,0,0
844,168.8601456,1,0,0,0,0
845,169.0251291,1,0,0,0,0
846,169.1901126,1,0,0,0,0
847,169.3550961,1,0,0,0,0
848,169.5200796,1,0,0,0,0
849,169.6850631,1,0,0,0,0
850,169.8500466,1,0,0,0,0
851,170.0150301,1,0,0,0,0
852,170.1800136,1,0,0,0,0
853,170.3439972,1,0,0,0,0
854,170.5089807,1,0,0,0,0
855,170.6739642,1,0,0,0,0
856,170.8389477,1,0,0,0,0
857,171.0039312,1,0,0,0,0
858,171.1689147,1,0,0,0,0
859,171.3338982,1,0,0,0,0
860,171.4988817,1,0,0,0,0
861,171.6638652,1,0,0,0,0
862,171.8288487,1,0,0,0,0
863,171.9938322,1,0,0,0,0
864,172.1588157,1,0,0,0,0
865,172.3237992,1,0,0,0,0
866,172.4887827,1,0,0,0,0
867,172.6537662,1,0,0,0,0
868,172.8177498,1,0,0,0,0
869,172.9827333,1,0,0,0,0
870,173.1477168,1,0,0,0,0
871,173.3127003,1,0,0,0,0
872,173.4776838,1,0,0,0,0
873,173.6426673,1,0,0,0,0
874,173.8076508,1,0,0,0,0
875,173.9726343,1,0,0,0,0
876,174.1376178,1,0,0,0,0
877,174.3026013,1,0,0,0,0
878,174.4675848,1,0,0,0,0
879,174.6325683,1,0,0,0,0
880,174.7975518,1,0,0,0,0
881,174.9625353,1,0,0,0,0
882,175.1265189,1,0,0,0,0
883,175.2915024,1,0,0,0,0
884,175.4564859,1,0,0,0,0
885,175.6214694,1,0,0,0,0
886,175.7864529,1,0,0,0,0
887,175.9514364,1,0,0,0,0
888,176.1164199,1,0,0,0,0
889,176.2814034,1,0,0,0,0
890,176.4463869,1,0,0,0,0
891,176.6113704,1,0,0,0,0
892,176.7763539,1,0,0,0,0
893,176.9413374,1,0,0,0,0
894,177.1063209,1,0,0,0,0
895,177.2713044,1,0,0,0,0
896,177.435288,1,0,0,0,0
897,177.6002715,1,0,0,0,0
898,177.765255,1,0,0,0,0
899,177.9302385,1,0,0,0,0
900,178.095222,1,0,0,0,0
901,178.2602055,1,0,0,0,0
902,178.425189,1,0,0,0,0
903,178.5901725,1,0,0,0,0
904,178.755156,1,0,0,0,0
905,178.9201395,1,0,0,0,0
906,179.085123,1,0,0,0,0
907,179.2501065,1,0,0,0,0
908,179.41509,1,0,0,0,0
909,179.5800735,1,0,0,0,0
910,179.745057,1,0,0,0,0
911,179.9090406,1,0,0,0,0
912,180.0740241,1,0,0,0,0
913,180.2390076,1,0,0,0,0
914,180.4039911,1,0,0,0,0
915,180.5689746,1,0,0,0,0
916,180.7339581,1,0,0,0,0
917,180.8989416,1,0,4,0,4
918,181.0639251,1,0,4,0,4
919,181.2289086,1,0,4,0,4
920,181.3938921,1,0,4,0,4
921,181.5588756,1,0,4,0,4
922,181.7238591,1,0,4,0,4
923,181.8888426,1,0,4,0,4
924,182.0538261,1,0,4,0,4
925,182.2178097,1,0,4,0,4
926,182.3827932,1,0,4,0,4
927,182.5477767,1,0,4,0,4
928,182.7127602,1,0,4,0,4
929,182.8777437,1,0,4,0,4
930,183.0427272,1,0,4,0,4
931,183.2077107,1,0,4,0,4
932,183.3726942,1,0,4,0,4
933,183.5376777,1,0,4,0,4
934,183.7026612,1,0,4,0,4
935,183.8676447,1,0,4,0,4
936,184.0326282,1,0,4,0,4
937,184.1976117,1,0,4,0,4
938,184.3625952,1,0,4,0,4
939,184.5275787,1,0,4,0,4
940,184.6915623,1,0,4,0,4
941,184.8565458,1,0,4,0,4
942,185.0215293,1,0,4,0,4
943,185.1865128,1,0,4,0,4
944,185.3514963,1,0,4,0,4
945,185.5164798,1,0,4,0,4
946,185.6814633,1,0,4,0,4
947,185.8464468,1,0,4,0,4
948,186.0114303,1,0,4,0,4
949,186.1764138,1,0,4,0,4
950,186.3413973,1,0,4,0,4
951,186.5063808,1,0,4,0,4
952,186.6713643,1,0,4,0,4
953,186.8363478,1,0,4,0,4
954,187.0003314,1,0,4,0,4
955,187.1653149,1,0,4,0,4
956,187.3302984,1,0,4,0,4
957,187.4952819,1,0,4,0,4
958,187.6602654,1,0,4,0,4
959,187.8252489,1,0,4,0,4
960,187.9902324,1,0,4,0,4
961,188.1552159,1,0,4,0,4
962,188.3201994,1,0,4,0,4
963,188.4851829,1,0,4,0,4
964,188.6501664,1,0,4,0,4
965,188.8151499,1,0,4,0,4
966,188.9801334,1,0,4,0,4
967,189.1451169,1,0,4,0,4
968,189.3091005,1,0,4,0,4
969,189.474084,1,0,4,0,4
970,189.6390675,1,0,4,0,4
971,189.804051,1,0,4,0,4
972,189.9690345,1,0,4,0,4
973,190.134018,1,0,4,0,4
974,190.2990015,1,0,4,0,4
975,190.463985,1,0,4,0,4
976,190.6289685,1,0,4,0,4
977,190.793952,1,4,0,4,4
978,190.9589355,1,4,0,4,4
979,191.123919,1,4,0,4,4
980,191.2889025,1,4,0,4,4
981,191.453886,1,4,0,4,4
982,191.6188695,1,4,0,4,4
983,191.7828531,1,4,0,4,4
984,191.9478366,1,4,0,4,4
985,192.1128201,1,4,0,4,4
986,192.2778036,1,4,0,4,4
987,192.4427871,1,4,0,4,4
988,192.6077706,1,4,0,4,4
989,192.7727541,1,0,0,4,4
990,192.9377376,1,0,0,4,4
991,193.1027211,1,0,0,4,4
992,193.2677046,1,0,0,4,4
993,193.4326881,1,0,0,4,4
994,193.5976716,1,0,0,4,4
995,193.7626551,1,0,0,4,4
996,193.9276386,1,0,0,4,4
997,194.0916222,1,0,0,4,4
998,194.2566057,1,0,0,4,4
999,194.4215892,1,0,0,4,4
1000,194.5865727,1,0,0,4,4
1001,194.7515562,1,0,0,4,4
1002,194.9165397,1,0,0,4,4
1003,195.0815232,1,0,0,4,4
1004,195.2465067,1,0,0,4,4
1005,195.4114902,1,0,0,4,4
1006,195.5764737,1,0,0,4,4
1007,195.7414572,1,0,0,0,4
1008,195.9064407,1,0,0,0,4
1009,196.0714242,1,0,0,0,4
1010,196.2364077,1,0,0,0,4
1011,196.4013912,1,0,0,0,4
1012,196.5653748,1,0,0,0,4
1013,196.7303583,1,0,0,0,4
1014,196.8953418,1,0,0,0,4
1015,197.0603253,1,0,0,0,4
1016,197.2253088,1,0,0,0,4
1017,197.3902923,1,0,0,0,4
1018,197.5552758,1,0,0,0,4
1019,197.7202593,1,0,0,0,4
1020,197.8852428,1,0,0,0,4
1021,198.0502263,1,0,0,0,4
1022,198.2152098,1,0,0,0,4
1023,198.3801933,1,0,0,0,4
1024,198.5451768,1,0,0,0,4
1025,198.7101603,1,0,0,0,4
1026,198.8741439,1,0,0,0,4
1027,199.0391274,1,0,0,0,4
1028,199.2041109,1,0,0,0,4
1029,199.3690944,1,0,0,0,4
1030,199.5340779,1,0,0,0,4
1031,199.6990614,1,0,0,0,4
1032,199.8640449,1,0,0,0,4
1033,200.0290284,1,0,0,0,4
1034,200.1940119,1,0,0,0,4
1035,200.3589954,1,0,0,0,4
1036,200.5239789,1,0,0,0,4
1037,200.6889624,1,0,0,0,4
1038,200.8539459,1,0,0,0,4
1039,201.0189294,1,0,0,0,4
1040,201.1839129,1,0,0,0,4
1041,201.3478965,1,0,0,0,4
1042,201.51288,1,0,0,0,4
1043,201.6778635,1,0,0,0,4
1044,201.842847,1,0,0,0,4
1045,202.0078305,1,0,0,0,4
1046,202.172814,1,0,0,0,4
1047,202.3377975,1,0,0,0,4
1048,202.502781,1,0,0,0,4
1049,202.6677645,1,0,0,0,4
1050,202.832748,1,0,0,0,4
1051,202.9977315,1,0,0,0,4
1052,203.162715,1,0,0,0,4
1053,203.3276985,1,0,0,0,4
1054,203.492682,1,0,0,0,4
1055,203.6566656,1,0,0,0,4
1056,203.8216491,1,0,0,0,4
1057,203.9866326,1,0,0,0,4
1058,204.1516161,1,0,0,0,4
1059,204.3165996,1,0,0,0,4
1060,204.4815831,1,0,0,0,4
1061,204.6465666,1,0,0,0,4
1062,204.8115501,1,0,0,0,4
1063,204.9765336,1,0,0,0,4
1064,205.1415171,1,0,0,0,4
1065,205.3065006,1,0,0,0,4
1066,205.4714841,1,0,0,0,4
1067,205.6364676,1,0,0,0,4
1068,205.8014511,1,0,0,0,4
1069,205.9654347,1,0,0,0,4
1070,206.1304182,1,0,0,0,4
1071,206.2954017,1,0,0,0,4
1072,206.4603852,1,0,0,0,4
1073,206.6253687,1,0,0,0,4
1074,206.7903522,1,0,0,0,4
1075,206.9553357,1,0,0,0,4
1076,207.1203192,1,0,0,0,4
1077,207.2853027,1,0,0,0,4
1078,207.4502862,1,0,0,0,4
1079,207.6152697,1,0,0,0,4
1080,207.7802532,1,0,0,0,4
1081,207.9452367,1,0,0,0,4
1082,208.1102202,1,0,0,0,4
1083,208.2752037,1,0,0,0,4
1084,208.4391873,1,0,0,0,4
1085,208.6041708,1,0,0,0,4
1086,208.7691543,1,0,0,0,4
1087,208.9341378,1,0,0,0,4
1088,209.0991213,1,0,0,0,4
1089,209.2641048,1,0,0,0,4
1090,209.4290883,1,0,0,0,4
1091,209.5940718,1,0,0,0,4
1092,209.7590553,1,0,0,0,4
1093,209.9240388,1,0,0,0,4
1094,210.0890223,1,0,0,0,4
1095,210.2540058,1,0,0,0,4
1096,210.4189893,1,0,0,0,4
1097,210.5839728,1,0,0,0,4
1098,210.7479564,1,0,0,0,0
1099,210.9129399,1,0,0,0,0
1100,211.0779234,1,0,0,0,0
1101,211.2429069,1,0,0,0,0
1102,211.4078904,1,0,0,0,0
1103,211.5728739,1,0,0,0,0
1104,211.7378574,1,0,0,0,0
1105,211.9028409,1,0,0,0,0
1106,267.6932613,2,0,0,0,0
1107,267.8582448,2,0,0,0,0
1108,268.0232283,2,0,0,0,0
1109,268.1882118,2,0,0,0,0
1110,268.3531953,2,0,0,0,0
1111,268.5181788,2,0,0,0,0
1112,268.6831623,2,0,0,0,0
1113,268.8481458,2,0,0,0,0
1114,269.0131293,2,0,0,0,0
1115,269.1781128,2,0,0,0,0
1116,269.3430963,2,0,0,0,0
1117,269.5080798,2,0,0,0,0
1118,269.6730633,2,0,0,0,0
1119,269.8380468,2,0,0,0,0
1120,270.0020304,2,0,0,0,0
1121,270.1670139,2,0,0,0,0
1122,270.3319974,2,0,0,0,0
1123,270.4969809,2,0,0,0,0
1124,270.6619644,2,0,0,0,0
1125,270.8269479,2,0,0,0,0
1126,270.9919314,2,0,0,0,0
1127,271.1569149,2,0,0,0,0
1128,271.3218984,2,0,0,0,0
1129,271.4868819,2,0,0,0,0
1130,271.6518654,2,0,0,0,0
1131,271.8168489,2,0,0,0,0
1132,271.9818324,2,0,0,0,0
1133,272.1468159,2,0,0,0,0
1134,272.3107995,2,0,0,0,0
1135,272.475783,2,0,0,0,0
1136,272.6407665,2,0,0,0,0
1137,272.80575,2,0,0,0,0
1138,272.9707335,2,0,0,0,0
1139,273.135717,2,0,0,0,0
1140,273.3007005,2,0,0,0,0
1141,273.465684,2,0,0,0,0
1142,273.6306675,2,0,0,0,0
1143,273.795651,2,0,0,0,0
1144,273.9606345,2,0,0,0,0
1145,274.125618,2,0,0,0,0
1146,274.2906015,2,0,0,0,0
1147,274.455585,2,0,0,0,0
1148,274.6195686,2,0,0,0,0
1149,274.7845521,2,0,0,0,0
1150,274.9495356,2,0,0,0,0
1151,275.1145191,2,0,0,0,0
1152,275.2795026,2,0,0,0,0
1153,275.4444861,2,0,0,0,0
1154,275.6094696,2,0,0,0,0
1155,275.7744531,2,0,0,0,0
1156,275.9394366,2,0,0,0,0
1157,276.1044201,2,0,0,0,0
1158,276.2694036,2,0,0,0,0
1159,276.4343871,2,0,0,0,0
1160,276.5993706,2,0,0,0,0
1161,276.7643541,2,0,0,0,0
1162,276.9293376,2,0,0,0,0
1163,277.0933212,2,0,0,0,0
1164,277.2583047,2,0,0,0,0
1165,277.4232882,2,0,0,0,0
1166,277.5882717,2,0,0,0,0
1167,277.7532552,2,0,5,0,5
1168,277.9182387,2,0,5,0,5
1169,278.0832222,2,0,5,0,5
1170,278.2482057,2,0,5,0,5
1171,278.4131892,2,0,5,0,5
1172,278.5781727,2,0,5,0,5
1173,278.7431562,2,0,5,0,5
1174,278.9081397,2,0,5,0,5
1175,279.0731232,2,0,5,0,5
1176,279.2381067,2,0,5,0,5
1177,279.4020903,2,0,5,0,5
1178,279.5670738,2,0,5,0,5
1179,279.7320573,2,0,5,0,5
1180,279.8970408,2,0,5,0,5
1181,280.0620243,2,0,5,0,5
1182,280.2270078,2,0,5,0,5
1183,280.3919913,2,0,5,0,5
1184,280.5569748,2,0,5,0,5
1185,280.7219583,2,0,5,0,5
1186,280.8869418,2,0,5,0,5
1187,281.0519253,2,0,5,0,5
1188,281.2169088,2,0,5,0,5
1189,281.3818923,2,0,5,0,5
1190,281.5468758,2,0,5,0,5
1191,281.7108594,2,0,5,0,5
1192,281.8758429,2,0,5,0,5
1193,282.0408264,2,0,5,0,5
1194,282.2058099,2,0,5,0,5
1195,282.3707934,2,0,5,0,5
1196,282.5357769,2,0,5,0,5
1197,282.7007604,2,0,5,0,5
1198,282.8657439,2,0,5,0,5
1199,283.0307274,2,0,5,0,5
1200,283.1957109,2,0,5,0,5
1201,283.3606944,2,0,5,0,5
1202,283.5256779,2,0,5,0,5
1203,283.6906614,2,0,5,0,5
1204,283.8556449,2,0,5,0,5
1205,284.0196285,2,0,5,0,5
1206,284.184612,2,0,5,0,5
1207,284.3495955,2,0,5,0,5
1208,284.514579,2,0,5,0,5
1209,284.6795625,2,0,5,0,5
1210,284.844546,2,0,5,0,5
1211,285.0095295,2,0,5,0,5
1212,285.174513,2,0,5,0,5
1213,285.3394965,2,0,5,0,5
1214,285.50448,2,0,5,0,5
1215,285.6694635,2,0,5,0,5
1216,285.834447,2,0,5,0,5
1217,285.9994305,2,0,5,0,5
1218,286.164414,2,0,5,0,5
1219,286.3293975,2,0,5,0,5
1220,286.4933811,2,0,5,0,5
1221,286.6583646,2,0,5,0,5
1222,286.8233481,2,0,5,0,5
1223,286.9883316,2,0,5,0,5
1224,287.1533151,2,0,5,0,5
1225,287.3182986,2,0,5,0,5
1226,287.4832821,2,0,5,0,5
1227,287.6482656,2,0,5,0,5
1228,287.8132491,2,5,0,5,5
1229,287.9782326,2,5,0,5,5
1230,288.1432161,2,5,0,5,5
1231,288.3081996,2,5,0,5,5
1232,288.4731831,2,5,0,5,5
1233,288.6381666,2,5,0,5,5
1234,288.8021502,2,5,0,5,5
1235,288.9671337,2,5,0,5,5
1236,289.1321172,2,5,0,5,5
1237,289.2971007,2,5,0,5,5
1238,289.4620842,2,5,0,5,5
1239,289.6270677,2,5,0,5,5
1240,289.7920512,2,0,0,5,5
1241,289.9570347,2,0,0,5,5
1242,290.1220182,2,0,0,5,5
1243,290.2870017,2,0,0,5,5
1244,290.4519852,2,0,0,5,5
1245,290.6169687,2,0,0,5,5
1246,290.7819522,2,0,0,5,5
1247,290.9469357,2,0,0,5,5
1248,291.1109193,2,0,0,5,5
1249,291.2759028,2,0,0,5,5
1250,291.4408863,2,0,0,5,5
1251,291.6058698,2,0,0,5,5
1252,291.7708533,2,0,0,5,5
1253,291.9358368,2,0,0,5,5
1254,292.1008203,2,0,0,5,5
1255,292.2658038,2,0,0,5,5
1256,292.4307873,2,0,0,5,5
1257,292.5957708,2,0,0,5,5
1258,292.7607543,2,0,0,0,5
1259,292.9257378,2,0,0,0,5
1260,293.0907213,2,0,0,0,5
1261,293.2557048,2,0,0,0,5
1262,293.4206883,2,0,0,0,5
1263,293.5846719,2,0,0,0,5
1264,293.7496554,2,0,0,0,5
1265,293.9146389,2,0,0,0,5
1266,294.0796224,2,0,0,0,5
1267,294.2446059,2,0,0,0,5
1268,294.4095894,2,0,0,0,5
1269,294.5745729,2,0,0,0,5
1270,294.7395564,2,0,0,0,5
1271,294.9045399,2,0,0,0,5
1272,295.0695234,2,0,0,0,5
1273,295.2345069,2,0,0,0,5
1274,295.3994904,2,0,0,0,5
1275,295.5644739,2,0,0,0,5
1276,295.7294574,2,0,0,0,5
1277,295.893441,2,0,0,0,5
1278,296.0584245,2,0,0,0,5
1279,296.223408,2,0,0,0,5
1280,296.3883915,2,0,0,0,5
1281,296.553375,2,0,0,0,5
1282,296.7183585,2,0,0,0,5
1283,296.883342,2,0,0,0,5
1284,297.0483255,2,0,0,0,5
1285,297.213309,2,0,0,0,5
1286,297.3782925,2,0,0,0,5
1287,297.543276,2,0,0,0,5
1288,297.7082595,2,0,0,0,5
1289,297.873243,2,0,0,0,5
1290,298.0382265,2,0,0,0,5
1291,298.20321,2,0,0,0,5
1292,298.3671936,2,0,0,0,5
1293,298.5321771,2,0,0,0,5
1294,298.6971606,2,0,0,0,5
1295,298.8621441,2,0,0,0,5
1296,299.0271276,2,0,0,0,5
1297,299.1921111,2,0,0,0,5
1298,299.3570946,2,0,0,0,5
1299,299.5220781,2,0,0,0,5
1300,299.6870616,2,0,0,0,5
1301,299.8520451,2,0,0,0,5
1302,300.0170286,2,0,0,0,5
1303,300.1820121,2,0,0,0,5
1304,300.3469956,2,0,0,0,5
1305,300.5119791,2,0,0,0,5
1306,300.6759627,2,0,0,0,5
1307,300.8409462,2,0,0,0,5
1308,301.0059297,2,0,0,0,5
1309,301.1709132,2,0,0,0,5
1310,301.3358967,2,0,0,0,5
1311,301.5008802,2,0,0,0,5
1312,301.6658637,2,0,0,0,5
1313,301.8308472,2,0,0,0,5
1314,301.9958307,2,0,0,0,5
1315,302.1608142,2,0,0,0,5
1316,302.3257977,2,0,0,0,5
1317,302.4907812,2,0,0,0,5
1318,302.6557647,2,0,0,0,5
1319,302.8207482,2,0,0,0,5
1320,302.9847318,2,0,0,0,5
1321,303.1497153,2,0,0,0,5
1322,303.3146988,2,0,0,0,5
1323,303.4796823,2,0,0,0,5
1324,303.6446658,2,0,0,0,5
1325,303.8096493,2,0,0,0,5
1326,303.9746328,2,0,0,0,5
1327,304.1396163,2,0,0,0,5
1328,304.3045998,2,0,0,0,5
1329,304.4695833,2,0,0,0,5
1330,304.6345668,2,0,0,0,5
1331,304.7995503,2,0,0,0,5
1332,304.9645338,2,0,0,0,5
1333,305.1295173,2,0,0,0,5
1334,305.2945008,2,0,0,0,5
1335,305.4584844,2,0,0,0,5
1336,305.6234679,2,0,0,0,5
1337,305.7884514,2,0,0,0,5
1338,305.9534349,2,0,0,0,5
1339,306.1184184,2,0,0,0,5
1340,306.2834019,2,0,0,0,5
1341,306.4483854,2,0,0,0,5
1342,306.6133689,2,0,0,0,5
1343,306.7783524,2,0,0,0,5
1344,306.9433359,2,0,0,0,5
1345,307.1083194,2,0,0,0,5
1346,307.2733029,2,0,0,0,5
1347,307.4382864,2,0,0,0,5
1348,307.6032699,2,0,0,0,5
1349,307.7672535,2,0,0,0,0
1350,307.932237,2,0,0,0,0
1351,308.0972205,2,0,0,0,0
1352,308.262204,2,0,0,0,0
1353,308.4271875,2,0,0,0,0
1354,308.592171,2,0,0,0,0
1355,308.7571545,2,0,0,0,0
1356,308.922138,2,0,0,0,0
1357,309.0871215,2,0,0,0,0
1358,309.252105,2,0,0,0,0
1359,309.4170885,2,0,0,0,0
1360,309.582072,2,0,0,0,0
1361,309.7470555,2,0,0,0,0
1362,309.912039,2,0,0,0,0
1363,310.0760226,2,0,0,0,0
1364,310.2410061,2,0,0,0,0
1365,310.4059896,2,0,0,0,0
1366,310.5709731,2,0,0,0,0
1367,310.7359566,2,0,0,0,0
1368,310.9009401,2,0,0,0,0
1369,311.0659236,2,0,0,0,0
1370,311.2309071,2,0,0,0,0
1371,311.3958906,2,0,0,0,0
1372,311.5608741,2,0,0,0,0
1373,311.7258576,2,0,0,0,0
1374,311.8908411,2,0,0,0,0
1375,312.0558246,2,0,0,0,0
1376,312.2208081,2,0,0,0,0
1377,312.3857916,2,0,0,0,0
1378,312.5497752,2,0,0,0,0
1379,312.7147587,2,0,0,0,0
1380,312.8797422,2,0,0,0,0
1381,313.0447257,2,0,0,0,0
1382,313.2097092,2,0,0,0,0
1383,313.3746927,2,0,0,0,0
1384,313.5396762,2,0,0,0,0
1385,313.7046597,2,0,0,0,0
1386,313.8696432,2,0,0,0,0
1387,314.0346267,2,0,0,0,0
1388,314.1996102,2,0,0,0,0
1389,314.3645937,2,0,0,0,0
1390,314.5295772,2,0,0,0,0
1391,314.6945607,2,0,0,0,0
1392,314.8585443,2,0,0,0,0
1393,315.0235278,2,0,0,0,0
1394,315.1885113,2,0,0,0,0
1395,315.3534948,2,0,0,0,0
1396,315.5184783,2,0,0,0,0
1397,315.6834618,2,0,0,0,0
1398,315.8484453,2,0,0,0,0
1399,316.0134288,2,0,0,0,0
1400,316.1784123,2,0,0,0,0
1401,316.3433958,2,0,0,0,0
1402,316.5083793,2,0,0,0,0
1403,316.6733628,2,0,0,0,0
1404,316.8383463,2,0,0,0,0
1405,317.0033298,2,0,0,0,0
1406,317.1683133,2,0,0,0,0
1407,317.3322969,2,0,0,0,0
1408,317.4972804,2,0,0,0,0
1409,317.6622639,2,0,0,0,0
1410,317.8272474,2,0,0,0,0
1411,317.9922309,2,0,0,0,0
1412,318.1572144,2,0,0,0,0
1413,318.3221979,2,0,0,0,0
1414,318.4871814,2,0,0,0,0
1415,318.6521649,2,0,0,0,0
1416,318.8171484,2,0,0,0,0
1417,318.9821319,2,0,0,0,0
1418,319.1471154,2,0,0,0,0
1419,319.3120989,2,0,0,0,0
1420,319.4770824,2,0,0,0,0
1421,319.641066,2,0,0,0,0
1422,319.8060495,2,0,0,0,0
1423,319.971033,2,0,0,0,0
1424,320.1360165,2,0,0,0,0
1425,320.301,2,0,0,0,0
1426,320.4659835,2,0,0,0,0
1427,320.630967,2,0,0,0,0
1428,320.7959505,2,0,0,0,0
1429,320.960934,2,0,0,0,0
1430,321.1259175,2,0,0,0,0
1431,321.290901,2,0,0,0,0
1432,321.4558845,2,0,0,0,0
1433,321.620868,2,0,0,0,0
1434,321.7858515,2,0,0,0,0
1435,321.9498351,2,0,0,0,0
1436,322.1148186,2,0,0,0,0
1437,322.2798021,2,0,0,0,0
1438,322.4447856,2,0,0,0,0
1439,322.6097691,2,0,0,0,0
1440,322.7747526,2,0,0,0,0
1441,322.9397361,2,0,0,0,0
1442,323.1047196,2,0,0,0,0
1443,323.2697031,2,0,0,0,0
1444,323.4346866,2,0,0,0,0
1445,323.5996701,2,0,0,0,0
1446,323.7646536,2,0,0,0,0
1447,323.9296371,2,0,0,0,0
1448,324.0946206,2,0,0,0,0
1449,324.2596041,2,0,0,0,0
1450,324.4235877,2,0,0,0,0
1451,324.5885712,2,0,0,0,0
1452,324.7535547,2,0,6,0,6
1453,324.9185382,2,0,6,0,6
1454,325.0835217,2,0,6,0,6
1455,325.2485052,2,0,6,0,6
1456,325.4134887,2,0,6,0,6
1457,325.5784722,2,0,6,0,6
1458,325.7434557,2,0,6,0,6
1459,325.9084392,2,0,6,0,6
1460,326.0734227,2,0,6,0,6
1461,326.2384062,2,0,6,0,6
1462,326.4033897,2,0,6,0,6
1463,326.5683732,2,0,6,0,6
1464,326.7323568,2,0,6,0,6
1465,326.8973403,2,0,6,0,6
1466,327.0623238,2,0,6,0,6
1467,327.2273073,2,0,6,0,6
1468,327.3922908,2,0,6,0,6
1469,327.5572743,2,0,6,0,6
1470,327.7222578,2,0,6,0,6
1471,327.8872413,2,0,6,0,6
1472,328.0522248,2,0,6,0,6
1473,328.2172083,2,0,6,0,6
1474,328.3821918,2,0,6,0,6
1475,328.5471753,2,0,6,0,6
1476,328.7121588,2,0,6,0,6
1477,328.8771423,2,0,6,0,6
1478,329.0421258,2,0,6,0,6
1479,329.2061094,2,0,6,0,6
1480,329.3710929,2,0,6,0,6
1481,329.5360764,2,0,6,0,6
1482,329.7010599,2,0,6,0,6
1483,329.8660434,2,0,6,0,6
1484,330.0310269,2,0,6,0,6
1485,330.1960104,2,0,6,0,6
1486,330.3609939,2,0,6,0,6
1487,330.5259774,2,0,6,0,6
1488,330.6909609,2,0,6,0,6
1489,330.8559444,2,0,6,0,6
1490,331.0209279,2,0,6,0,6
1491,331.1859114,2,0,6,0,6
1492,331.3508949,2,0,6,0,6
1493,331.5148785,2,0,6,0,6
1494,331.679862,2,0,6,0,6
1495,331.8448455,2,0,6,0,6
1496,332.009829,2,0,6,0,6
1497,332.1748125,2,0,6,0,6
1498,332.339796,2,0,6,0,6
1499,332.5047795,2,0,6,0,6
1500,332.669763,2,0,6,0,6
1501,332.8347465,2,0,6,0,6
1502,332.99973,2,0,6,0,6
1503,333.1647135,2,0,6,0,6
1504,333.329697,2,0,6,0,6
1505,333.4946805,2,0,6,0,6
1506,333.659664,2,0,6,0,6
1507,333.8246475,2,0,6,0,6
1508,333.9886311,2,0,6,0,6
1509,334.1536146,2,0,6,0,6
1510,334.3185981,2,0,6,0,6
1511,334.4835816,2,0,6,0,6
1512,334.6485651,2,6,0,6,6
1513,334.8135486,2,6,0,6,6
1514,334.9785321,2,6,0,6,6
1515,335.1435156,2,6,0,6,6
1516,335.3084991,2,6,0,6,6
1517,335.4734826,2,6,0,6,6
1518,335.6384661,2,6,0,6,6
1519,335.8034496,2,6,0,6,6
1520,335.9684331,2,6,0,6,6
1521,336.1334166,2,6,0,6,6
1522,336.2974002,2,6,0,6,6
1523,336.4623837,2,6,0,6,6
1524,336.6273672,2,6,0,6,6
1525,336.7923507,2,0,0,6,6
1526,336.9573342,2,0,0,6,6
1527,337.1223177,2,0,0,6,6
1528,337.2873012,2,0,0,6,6
1529,337.4522847,2,0,0,6,6
1530,337.6172682,2,0,0,6,6
1531,337.7822517,2,0,0,6,6
1532,337.9472352,2,0,0,6,6
1533,338.1122187,2,0,0,6,6
1534,338.2772022,2,0,0,6,6
1535,338.4421857,2,0,0,6,6
1536,338.6061693,2,0,0,6,6
1537,338.7711528,2,0,0,6,6
1538,338.9361363,2,0,0,6,6
1539,339.1011198,2,0,0,6,6
1540,339.2661033,2,0,0,6,6
1541,339.4310868,2,0,0,6,6
1542,339.5960703,2,0,0,6,6
1543,339.7610538,2,0,0,0,6
1544,339.9260373,2,0,0,0,6
1545,340.0910208,2,0,0,0,6
1546,340.2560043,2,0,0,0,6
1547,340.4209878,2,0,0,0,6
1548,340.5859713,2,0,0,0,6
1549,340.7509548,2,0,0,0,6
1550,340.9159383,2,0,0,0,6
1551,341.0799219,2,0,0,0,6
1552,341.2449054,2,0,0,0,6
1553,341.4098889,2,0,0,0,6
1554,341.5748724,2,0,0,0,6
1555,341.7398559,2,0,0,0,6
1556,341.9048394,2,0,0,0,6
1557,342.0698229,2,0,0,0,6
1558,342.2348064,2,0,0,0,6
1559,342.3997899,2,0,0,0,6
1560,342.5647734,2,0,0,0,6
1561,342.7297569,2,0,0,0,6
1562,342.8947404,2,0,0,0,6
1563,343.0597239,2,0,0,0,6
1564,343.2247074,2,0,0,0,6
1565,343.388691,2,0,0,0,6
1566,343.5536745,2,0,0,0,6
1567,343.718658,2,0,0,0,6
1568,343.8836415,2,0,0,0,6
1569,344.048625,2,0,0,0,6
1570,344.2136085,2,0,0,0,6
1571,344.378592,2,0,0,0,6
1572,344.5435755,2,0,0,0,6
1573,344.708559,2,0,0,0,6
1574,344.8735425,2,0,0,0,6
1575,345.038526,2,0,0,0,6
1576,345.2035095,2,0,0,0,6
1577,345.368493,2,0,0,0,6
1578,345.5334765,2,0,0,0,6
1579,345.69846,2,0,0,0,6
1580,345.8624436,2,0,0,0,6
1581,346.0274271,2,0,0,0,6
1582,346.1924106,2,0,0,0,6
1583,346.3573941,2,0,0,0,6
1584,346.5223776,2,0,0,0,6
1585,346.6873611,2,0,0,0,6
1586,346.8523446,2,0,0,0,6
1587,347.0173281,2,0,0,0,6
1588,347.1823116,2,0,0,0,6
1589,347.3472951,2,0,0,0,6
1590,347.5122786,2,0,0,0,6
1591,347.6772621,2,0,0,0,6
1592,347.8422456,2,0,0,0,6
1593,348.0072291,2,0,0,0,6
1594,348.1712127,2,0,0,0,6
1595,348.3361962,2,0,0,0,6
1596,348.5011797,2,0,0,0,6
1597,348.6661632,2,0,0,0,6
1598,348.8311467,2,0,0,0,6
1599,348.9961302,2,0,0,0,6
1600,349.1611137,2,0,0,0,6
1601,349.3260972,2,0,0,0,6
1602,349.4910807,2,0,0,0,6
1603,349.6560642,2,0,0,0,6
1604,349.8210477,2,0,0,0,6
1605,349.9860312,2,0,0,0,6
1606,350.1510147,2,0,0,0,6
1607,350.3159982,2,0,0,0,6
1608,350.4809817,2,0,0,0,6
1609,350.6449653,2,0,0,0,6
1610,350.8099488,2,0,0,0,6
1611,350.9749323,2,0,0,0,6
1612,351.1399158,2,0,0,0,6
1613,351.3048993,2,0,0,0,6
1614,351.4698828,2,0,0,0,6
1615,351.6348663,2,0,0,0,6
1616,351.7998498,2,0,0,0,6
1617,351.9648333,2,0,0,0,6
1618,352.1298168,2,0,0,0,6
1619,352.2948003,2,0,0,0,6
1620,352.4597838,2,0,0,0,6
1621,352.6247673,2,0,0,0,6
1622,352.7897508,2,0,0,0,6
1623,352.9537344,2,0,0,0,6
1624,353.1187179,2,0,0,0,6
1625,353.2837014,2,0,0,0,6
1626,353.4486849,2,0,0,0,6
1627,353.6136684,2,0,0,0,6
1628,353.7786519,2,0,0,0,6
1629,353.9436354,2,0,0,0,6
1630,354.1086189,2,0,0,0,6
1631,354.2736024,2,0,0,0,6
1632,354.4385859,2,0,0,0,6
1633,354.6035694,2,0,0,0,6
1634,354.7685529,2,0,0,0,0
1635,354.9335364,2,0,0,0,0
1636,355.0985199,2,0,0,0,0
1637,355.2635034,2,0,0,0,0
1638,355.427487,2,0,0,0,0
1639,355.5924705,2,0,0,0,0
1640,355.757454,2,0,0,0,0
1641,355.9224375,2,0,0,0,0
1642,356.087421,2,0,0,0,0
1643,356.2524045,2,0,0,0,0
1644,356.417388,2,0,0,0,0
1645,356.5823715,2,0,0,0,0
1646,356.747355,2,0,0,0,0
1647,356.9123385,2,0,0,0,0
1648,357.077322,2,0,0,0,0
1649,357.2423055,2,0,0,0,0
1650,357.407289,2,0,0,0,0
1651,357.5722725,2,0,0,0,0
1652,357.7362561,2,0,0,0,0
1653,357.9012396,2,0,0,0,0
1654,358.0662231,2,0,0,0,0
1655,358.2312066,2,0,0,0,0
1656,358.3961901,2,0,0,0,0
1657,358.5611736,2,0,0,0,0
1658,358.7261571,2,0,0,0,0
1659,358.8911406,2,0,0,0,0
1660,359.0561241,2,0,0,0,0
1661,359.2211076,2,0,0,0,0
1662,359.3860911,2,0,0,0,0
1663,359.5510746,2,0,0,0,0
1664,359.7160581,2,0,0,0,0
1665,359.8810416,2,0,0,0,0
1666,360.0460251,2,0,0,0,0
1667,360.2100087,2,0,0,0,0
1668,360.3749922,2,0,0,0,0
1669,360.5399757,2,0,0,0,0
1670,360.7049592,2,0,0,0,0
1671,360.8699427,2,0,0,0,0
1672,361.0349262,2,0,0,0,0
1673,361.1999097,2,0,0,0,0
1674,361.3648932,2,0,0,0,0
1675,361.5298767,2,0,0,0,0
1676,361.6948602,2,0,0,0,0
1677,361.8598437,2,0,0,0,0
1678,362.0248272,2,0,0,0,0
1679,362.1898107,2,0,0,0,0
1680,362.3547942,2,0,0,0,0
1681,362.5187778,2,0,0,0,0
1682,362.6837613,2,0,0,0,0
1683,362.8487448,2,0,0,0,0
1684,363.0137283,2,0,0,0,0
1685,363.1787118,2,0,0,0,0
1686,363.3436953,2,0,0,0,0
1687,363.5086788,2,0,0,0,0
1688,363.6736623,2,0,0,0,0
1689,363.8386458,2,0,0,0,0
1690,364.0036293,2,0,0,0,0
1691,364.1686128,2,0,0,0,0
1692,364.3335963,2,0,0,0,0
1693,364.4985798,2,0,0,0,0
1694,364.6635633,2,0,0,0,0
1695,364.8285468,2,0,0,0,0
1696,364.9925304,2,0,0,0,0
1697,365.1575139,2,0,0,0,0
1698,365.3224974,2,0,0,0,0
1699,365.4874809,2,0,0,0,0
1700,365.6524644,2,0,0,0,0
1701,365.8174479,2,0,0,0,0
1702,365.9824314,2,0,0,0,0
1703,366.1474149,2,0,0,0,0
1704,366.3123984,2,0,0,0,0
1705,366.4773819,2,0,0,0,0
1706,366.6423654,2,0,0,0,0
1707,366.8073489,2,0,0,0,0
1708,366.9723324,2,0,0,0,0
1709,367.1373159,2,0,0,0,0
1710,367.3012995,2,0,0,0,0
1711,367.466283,2,0,0,0,0
1712,367.6312665,2,0,0,0,0
1713,367.79625,2,0,0,0,0
1714,367.9612335,2,0,0,0,0
1715,368.126217,2,0,0,0,0
1716,368.2912005,2,0,0,0,0
1717,368.456184,2,0,0,0,0
1718,368.6211675,2,0,0,0,0
1719,368.786151,2,0,0,0,0
1720,368.9511345,2,0,0,0,0
1721,369.116118,2,0,0,0,0
1722,369.2811015,2,0,0,0,0
1723,369.446085,2,0,0,0,0
1724,369.6110685,2,0,0,0,0
1725,369.7750521,2,0,0,0,0
1726,369.9400356,2,0,0,0,0
1727,370.1050191,2,0,0,0,0
1728,370.2700026,2,0,0,0,0
1729,370.4349861,2,0,0,0,0
1730,370.5999696,2,0,0,0,0
1731,370.7649531,2,0,0,0,0
1732,370.9299366,2,0,0,0,0
1733,371.0949201,2,0,0,0,0
1734,371.2599036,2,0,0,0,0
1735,371.4248871,2,0,0,0,0
1736,371.5898706,2,0,0,0,0
1737,371.7548541,2,0,7,0,7
1738,371.9198376,2,0,7,0,7
1739,372.0838212,2,0,7,0,7
1740,372.2488047,2,0,7,0,7
1741,372.4137882,2,0,7,0,7
1742,372.5787717,2,0,7,0,7
1743,372.7437552,2,0,7,0,7
1744,372.9087387,2,0,7,0,7
1745,373.0737222,2,0,7,0,7
1746,373.2387057,2,0,7,0,7
1747,373.4036892,2,0,7,0,7
1748,373.5686727,2,0,7,0,7
1749,373.7336562,2,0,7,0,7
1750,373.8986397,2,0,7,0,7
1751,374.0636232,2,0,7,0,7
1752,374.2286067,2,0,7,0,7
1753,374.3935902,2,0,7,0,7
1754,374.5575738,2,0,7,0,7
1755,374.7225573,2,0,7,0,7
1756,374.8875408,2,0,7,0,7
1757,375.0525243,2,0,7,0,7
1758,375.2175078,2,0,7,0,7
1759,375.3824913,2,0,7,0,7
1760,375.5474748,2,0,7,0,7
1761,375.7124583,2,0,7,0,7
1762,375.8774418,2,0,7,0,7
1763,376.0424253,2,0,7,0,7
1764,376.2074088,2,0,7,0,7
1765,376.3723923,2,0,7,0,7
1766,376.5373758,2,0,7,0,7
1767,376.7023593,2,0,7,0,7
1768,376.8663429,2,0,7,0,7
1769,377.0313264,2,0,7,0,7
1770,377.1963099,2,0,7,0,7
1771,377.3612934,2,0,7,0,7
1772,377.5262769,2,0,7,0,7
1773,377.6912604,2,0,7,0,7
1774,377.8562439,2,0,7,0,7
1775,378.0212274,2,0,7,0,7
1776,378.1862109,2,0,7,0,7
1777,378.3511944,2,0,7,0,7
1778,378.5161779,2,0,7,0,7
1779,378.6811614,2,0,7,0,7
1780,378.8461449,2,0,7,0,7
1781,379.0111284,2,0,7,0,7
1782,379.1761119,2,0,7,0,7
1783,379.3400955,2,0,7,0,7
1784,379.505079,2,0,7,0,7
1785,379.6700625,2,0,7,0,7
1786,379.835046,2,0,7,0,7
1787,380.0000295,2,0,7,0,7
1788,380.165013,2,0,7,0,7
1789,380.3299965,2,0,7,0,7
1790,380.49498,2,0,7,0,7
1791,380.6599635,2,0,7,0,7
1792,380.824947,2,0,7,0,7
1793,380.9899305,2,0,7,0,7
1794,381.154914,2,0,7,0,7
1795,381.3198975,2,0,7,0,7
1796,381.484881,2,0,7,0,7
1797,381.6488646,2,7,0,7,7
1798,381.8138481,2,7,0,7,7
1799,381.9788316,2,7,0,7,7
1800,382.1438151,2,7,0,7,7
1801,382.3087986,2,7,0,7,7
1802,382.4737821,2,7,0,7,7
1803,382.6387656,2,7,0,7,7
1804,382.8037491,2,7,0,7,7
1805,382.9687326,2,7,0,7,7
1806,383.1337161,2,7,0,7,7
1807,383.2986996,2,7,0,7,7
1808,383.4636831,2,7,0,7,7
1809,383.6286666,2,0,0,7,7
1810,383.7936501,2,0,0,7,7
1811,383.9586336,2,0,0,7,7
1812,384.1226172,2,0,0,7,7
1813,384.2876007,2,0,0,7,7
1814,384.4525842,2,0,0,7,7
1815,384.6175677,2,0,0,7,7
1816,384.7825512,2,0,0,7,7
1817,384.9475347,2,0,0,7,7
1818,385.1125182,2,0,0,7,7
1819,385.2775017,2,0,0,7,7
1820,385.4424852,2,0,0,7,7
1821,385.6074687,2,0,0,7,7
1822,385.7724522,2,0,0,7,7
1823,385.9374357,2,0,0,7,7
1824,386.1024192,2,0,0,7,7
1825,386.2674027,2,0,0,7,7
1826,386.4313863,2,0,0,7,7
1827,386.5963698,2,0,0,7,7
1828,386.7613533,2,0,0,0,7
1829,386.9263368,2,0,0,0,7
1830,387.0913203,2,0,0,0,7
1831,387.2563038,2,0,0,0,7
1832,387.4212873,2,0,0,0,7
1833,387.5862708,2,0,0,0,7
1834,387.7512543,2,0,0,0,7
1835,387.9162378,2,0,0,0,7
1836,388.0812213,2,0,0,0,7
1837,388.2462048,2,0,0,0,7
1838,388.4111883,2,0,0,0,7
1839,388.5761718,2,0,0,0,7
1840,388.7411553,2,0,0,0,7
1841,388.9051389,2,0,0,0,7
1842,389.0701224,2,0,0,0,7
1843,389.2351059,2,0,0,0,7
1844,389.4000894,2,0,0,0,7
1845,389.5650729,2,0,0,0,7
1846,389.7300564,2,0,0,0,7
1847,389.8950399,2,0,0,0,7
1848,390.0600234,2,0,0,0,7
1849,390.2250069,2,0,0,0,7
1850,390.3899904,2,0,0,0,7
1851,390.5549739,2,0,0,0,7
1852,390.7199574,2,0,0,0,7
1853,390.8849409,2,0,0,0,7
1854,391.0499244,2,0,0,0,7
1855,391.2149079,2,0,0,0,7
1856,391.3788915,2,0,0,0,7
1857,391.543875,2,0,0,0,7
1858,391.7088585,2,0,0,0,7
1859,391.873842,2,0,0,0,7
1860,392.0388255,2,0,0,0,7
1861,392.203809,2,0,0,0,7
1862,392.3687925,2,0,0,0,7
1863,392.533776,2,0,0,0,7
1864,392.6987595,2,0,0,0,7
1865,392.863743,2,0,0,0,7
1866,393.0287265,2,0,0,0,7
1867,393.19371,2,0,0,0,7
1868,393.3586935,2,0,0,0,7
1869,393.523677,2,0,0,0,7
1870,393.6876606,2,0,0,0,7
1871,393.8526441,2,0,0,0,7
1872,394.0176276,2,0,0,0,7
1873,394.1826111,2,0,0,0,7
1874,394.3475946,2,0,0,0,7
1875,394.5125781,2,0,0,0,7
1876,394.6775616,2,0,0,0,7
1877,394.8425451,2,0,0,0,7
1878,395.0075286,2,0,0,0,7
1879,395.1725121,2,0,0,0,7
1880,395.3374956,2,0,0,0,7
1881,395.5024791,2,0,0,0,7
1882,395.6674626,2,0,0,0,7
1883,395.8324461,2,0,0,0,7
1884,395.9974296,2,0,0,0,7
1885,396.1614132,2,0,0,0,7
1886,396.3263967,2,0,0,0,7
1887,396.4913802,2,0,0,0,7
1888,396.6563637,2,0,0,0,7
1889,396.8213472,2,0,0,0,7
1890,396.9863307,2,0,0,0,7
1891,397.1513142,2,0,0,0,7
1892,397.3162977,2,0,0,0,7
1893,397.4812812,2,0,0,0,7
1894,397.6462647,2,0,0,0,7
1895,397.8112482,2,0,0,0,7
1896,397.9762317,2,0,0,0,7
1897,398.1412152,2,0,0,0,7
1898,398.3061987,2,0,0,0,7
1899,398.4701823,2,0,0,0,7
1900,398.6351658,2,0,0,0,7
1901,398.8001493,2,0,0,0,7
1902,398.9651328,2,0,0,0,7
1903,399.1301163,2,0,0,0,7
1904,399.2950998,2,0,0,0,7
1905,399.4600833,2,0,0,0,7
1906,399.6250668,2,0,0,0,7
1907,399.7900503,2,0,0,0,7
1908,399.9550338,2,0,0,0,7
1909,400.1200173,2,0,0,0,7
1910,400.2850008,2,0,0,0,7
1911,400.4499843,2,0,0,0,7
1912,400.6149678,2,0,0,0,7
1913,400.7799513,2,0,0,0,7
1914,400.9439349,2,0,0,0,7
1915,401.1089184,2,0,0,0,7
1916,401.2739019,2,0,0,0,7
1917,401.4388854,2,0,0,0,7
1918,401.6038689,2,0,0,0,7
1919,401.7688524,2,0,0,0,0
1920,401.9338359,2,0,0,0,0
1921,402.0988194,2,0,0,0,0
1922,402.2638029,2,0,0,0,0
1923,402.4287864,2,0,0,0,0
1924,402.5937699,2,0,0,0,0
1925,402.7587534,2,0,0,0,0
1926,402.9237369,2,0,0,0,0
1927,403.0887204,2,0,0,0,0
1928,403.252704,2,0,0,0,0
1929,403.4176875,2,0,0,0,0
1930,403.582671,2,0,0,0,0
1931,403.7476545,2,0,0,0,0
1932,403.912638,2,0,0,0,0
1933,404.0776215,2,0,0,0,0
1934,404.242605,2,0,0,0,0
1935,404.4075885,2,0,0,0,0
1936,404.572572,2,0,0,0,0
1937,404.7375555,2,0,0,0,0
1938,404.902539,2,0,0,0,0
1939,405.0675225,2,0,0,0,0
1940,405.232506,2,0,0,0,0
1941,405.3974895,2,0,0,0,0
1942,405.562473,2,0,0,0,0
1943,405.7264566,2,0,0,0,0
1944,405.8914401,2,0,0,0,0
1945,406.0564236,2,0,0,0,0
1946,406.2214071,2,0,0,0,0
1947,406.3863906,2,0,0,0,0
1948,406.5513741,2,0,0,0,0
1949,406.7163576,2,0,0,0,0
1950,406.8813411,2,0,0,0,0
1951,407.0463246,2,0,0,0,0
1952,407.2113081,2,0,0,0,0
1953,407.3762916,2,0,0,0,0
1954,407.5412751,2,0,0,0,0
1955,407.7062586,2,0,0,0,0
1956,407.8712421,2,0,0,0,0
1957,408.0352257,2,0,0,0,0
1958,408.2002092,2,0,0,0,0
1959,408.3651927,2,0,0,0,0
1960,408.5301762,2,0,0,0,0
1961,408.6951597,2,0,0,0,0
1962,408.8601432,2,0,0,0,0
1963,409.0251267,2,0,0,0,0
1964,409.1901102,2,0,0,0,0
1965,409.3550937,2,0,0,0,0
1966,409.5200772,2,0,0,0,0
1967,409.6850607,2,0,0,0,0
1968,409.8500442,2,0,0,0,0
1969,410.0150277,2,0,0,0,0
1970,410.1800112,2,0,0,0,0
1971,410.3449947,2,0,0,0,0
1972,410.5089783,2,0,0,0,0
1973,410.6739618,2,0,0,0,0
1974,410.8389453,2,0,0,0,0
1975,411.0039288,2,0,0,0,0
1976,411.1689123,2,0,0,0,0
1977,411.3338958,2,0,0,0,0
1978,411.4988793,2,0,0,0,0
1979,411.6638628,2,0,0,0,0
1980,411.8288463,2,0,0,0,0
1981,411.9938298,2,0,0,0,0
1982,412.1588133,2,0,0,0,0
1983,412.3237968,2,0,0,0,0
1984,412.4887803,2,0,0,0,0
1985,412.6537638,2,0,0,0,0
1986,412.8187473,2,0,0,0,0
1987,412.9827309,2,0,0,0,0
1988,413.1477144,2,0,0,0,0
1989,413.3126979,2,0,0,0,0
1990,413.4776814,2,0,0,0,0
1991,413.6426649,2,0,0,0,0
1992,413.8076484,2,0,0,0,0
1993,413.9726319,2,0,0,0,0
1994,414.1376154,2,0,0,0,0
1995,414.3025989,2,0,0,0,0
1996,414.4675824,2,0,0,0,0
1997,414.6325659,2,0,0,0,0
1998,414.7975494,2,0,0,0,0
1999,414.9625329,2,0,0,0,0
2000,415.1275164,2,0,0,0,0
2001,415.2915,2,0,0,0,0
2002,415.4564835,2,0,0,0,0
2003,415.621467,2,0,0,0,0
2004,415.7864505,2,0,0,0,0
2005,415.951434,2,0,0,0,0
2006,416.1164175,2,0,0,0,0
2007,416.281401,2,0,0,0,0
2008,416.4463845,2,0,0,0,0
2009,416.611368,2,0,0,0,0
2010,416.7763515,2,0,0,0,0
2011,416.941335,2,0,0,0,0
2012,417.1063185,2,0,0,0,0
2013,417.271302,2,0,0,0,0
2014,417.4362855,2,0,0,0,0
2015,417.601269,2,0,0,0,0
2016,417.7652526,2,0,0,0,0
2017,417.9302361,2,0,0,0,0
2018,418.0952196,2,0,0,0,0
2019,418.2602031,2,0,0,0,0
2020,418.4251866,2,0,0,0,0
2021,418.5901701,2,0,8,0,8
2022,418.7551536,2,0,8,0,8
2023,418.9201371,2,0,8,0,8
2024,419.0851206,2,0,8,0,8
2025,419.2501041,2,0,8,0,8
2026,419.4150876,2,0,8,0,8
2027,419.5800711,2,0,8,0,8
2028,419.7450546,2,0,8,0,8
2029,419.9100381,2,0,8,0,8
2030,420.0740217,2,0,8,0,8
2031,420.2390052,2,0,8,0,8
2032,420.4039887,2,0,8,0,8
2033,420.5689722,2,0,8,0,8
2034,420.7339557,2,0,8,0,8
2035,420.8989392,2,0,8,0,8
2036,421.0639227,2,0,8,0,8
2037,421.2289062,2,0,8,0,8
2038,421.3938897,2,0,8,0,8
2039,421.5588732,2,0,8,0,8
2040,421.7238567,2,0,8,0,8
2041,421.8888402,2,0,8,0,8
2042,422.0538237,2,0,8,0,8
2043,422.2188072,2,0,8,0,8
2044,422.3837907,2,0,8,0,8
2045,422.5477743,2,0,8,0,8
2046,422.7127578,2,0,8,0,8
2047,422.8777413,2,0,8,0,8
2048,423.0427248,2,0,8,0,8
2049,423.2077083,2,0,8,0,8
2050,423.3726918,2,0,8,0,8
2051,423.5376753,2,0,8,0,8
2052,423.7026588,2,0,8,0,8
2053,423.8676423,2,0,8,0,8
2054,424.0326258,2,0,8,0,8
2055,424.1976093,2,0,8,0,8
2056,424.3625928,2,0,8,0,8
2057,424.5275763,2,0,8,0,8
2058,424.6925598,2,0,8,0,8
2059,424.8565434,2,0,8,0,8
2060,425.0215269,2,0,8,0,8
2061,425.1865104,2,0,8,0,8
2062,425.3514939,2,0,8,0,8
2063,425.5164774,2,0,8,0,8
2064,425.6814609,2,0,8,0,8
2065,425.8464444,2,0,8,0,8
2066,426.0114279,2,0,8,0,8
2067,426.1764114,2,0,8,0,8
2068,426.3413949,2,0,8,0,8
2069,426.5063784,2,0,8,0,8
2070,426.6713619,2,0,8,0,8
2071,426.8363454,2,0,8,0,8
2072,427.0013289,2,0,8,0,8
2073,427.1663124,2,0,8,0,8
2074,427.330296,2,0,8,0,8
2075,427.4952795,2,0,8,0,8
2076,427.660263,2,0,8,0,8
2077,427.8252465,2,0,8,0,8
2078,427.99023,2,0,8,0,8
2079,428.1552135,2,0,8,0,8
2080,428.320197,2,0,8,0,8
2081,428.4851805,2,0,8,0,8
2082,428.650164,2,8,0,8,8
2083,428.8151475,2,8,0,8,8
2084,428.980131,2,8,0,8,8
2085,429.1451145,2,8,0,8,8
2086,429.310098,2,8,0,8,8
2087,429.4750815,2,8,0,8,8
2088,429.640065,2,8,0,8,8
2089,429.8040486,2,8,0,8,8
2090,429.9690321,2,8,0,8,8
2091,430.1340156,2,8,0,8,8
2092,430.2989991,2,8,0,8,8
2093,430.4639826,2,8,0,8,8
2094,430.6289661,2,0,0,8,8
2095,430.7939496,2,0,0,8,8
2096,430.9589331,2,0,0,8,8
2097,431.1239166,2,0,0,8,8
2098,431.2889001,2,0,0,8,8
2099,431.4538836,2,0,0,8,8
2100,431.6188671,2,0,0,8,8
2101,431.7838506,2,0,0,8,8
2102,431.9488341,2,0,0,8,8
2103,432.1128177,2,0,0,8,8
2104,432.2778012,2,0,0,8,8
2105,432.4427847,2,0,0,8,8
2106,432.6077682,2,0,0,8,8
2107,432.7727517,2,0,0,8,8
2108,432.9377352,2,0,0,8,8
2109,433.1027187,2,0,0,8,8
2110,433.2677022,2,0,0,8,8
2111,433.4326857,2,0,0,8,8
2112,433.5976692,2,0,0,0,8
2113,433.7626527,2,0,0,0,8
2114,433.9276362,2,0,0,0,8
2115,434.0926197,2,0,0,0,8
2116,434.2576032,2,0,0,0,8
2117,434.4225867,2,0,0,0,8
2118,434.5865703,2,0,0,0,8
2119,434.7515538,2,0,0,0,8
2120,434.9165373,2,0,0,0,8
2121,435.0815208,2,0,0,0,8
2122,435.2465043,2,0,0,0,8
2123,435.4114878,2,0,0,0,8
2124,435.5764713,2,0,0,0,8
2125,435.7414548,2,0,0,0,8
2126,435.9064383,2,0,0,0,8
2127,436.0714218,2,0,0,0,8
2128,436.2364053,2,0,0,0,8
2129,436.4013888,2,0,0,0,8
2130,436.5663723,2,0,0,0,8
2131,436.7313558,2,0,0,0,8
2132,436.8953394,2,0,0,0,8
2133,437.0603229,2,0,0,0,8
2134,437.2253064,2,0,0,0,8
2135,437.3902899,2,0,0,0,8
2136,437.5552734,2,0,0,0,8
2137,437.7202569,2,0,0,0,8
2138,437.8852404,2,0,0,0,8
2139,438.0502239,2,0,0,0,8
2140,438.2152074,2,0,0,0,8
2141,438.3801909,2,0,0,0,8
2142,438.5451744,2,0,0,0,8
2143,438.7101579,2,0,0,0,8
2144,438.8751414,2,0,0,0,8
2145,439.0401249,2,0,0,0,8
2146,439.2051084,2,0,0,0,8
2147,439.369092,2,0,0,0,8
2148,439.5340755,2,0,0,0,8
2149,439.699059,2,0,0,0,8
2150,439.8640425,2,0,0,0,8
2151,440.029026,2,0,0,0,8
2152,440.1940095,2,0,0,0,8
2153,440.358993,2,0,0,0,8
2154,440.5239765,2,0,0,0,8
2155,440.68896,2,0,0,0,8
2156,440.8539435,2,0,0,0,8
2157,441.018927,2,0,0,0,8
2158,441.1839105,2,0,0,0,8
2159,441.348894,2,0,0,0,8
2160,441.5138775,2,0,0,0,8
2161,441.6778611,2,0,0,0,8
2162,441.8428446,2,0,0,0,8
2163,442.0078281,2,0,0,0,8
2164,442.1728116,2,0,0,0,8
2165,442.3377951,2,0,0,0,8
2166,442.5027786,2,0,0,0,8
2167,442.6677621,2,0,0,0,8
2168,442.8327456,2,0,0,0,8
2169,442.9977291,2,0,0,0,8
2170,443.1627126,2,0,0,0,8
2171,443.3276961,2,0,0,0,8
2172,443.4926796,2,0,0,0,8
2173,443.6576631,2,0,0,0,8
2174,443.8226466,2,0,0,0,8
2175,443.9876301,2,0,0,0,8
2176,444.1516137,2,0,0,0,8
2177,444.3165972,2,0,0,0,8
2178,444.4815807,2,0,0,0,8
2179,444.6465642,2,0,0,0,8
2180,444.8115477,2,0,0,0,8
2181,444.9765312,2,0,0,0,8
2182,445.1415147,2,0,0,0,8
2183,445.3064982,2,0,0,0,8
2184,445.4714817,2,0,0,0,8
2185,445.6364652,2,0,0,0,8
2186,445.8014487,2,0,0,0,8
2187,445.9664322,2,0,0,0,8
2188,446.1314157,2,0,0,0,8
2189,446.2963992,2,0,0,0,8
2190,446.4613827,2,0,0,0,8
2191,446.6253663,2,0,0,0,8
2192,446.7903498,2,0,0,0,8
2193,446.9553333,2,0,0,0,8
2194,447.1203168,2,0,0,0,8
2195,447.2853003,2,0,0,0,8
2196,447.4502838,2,0,0,0,8
2197,447.6152673,2,0,0,0,8
2198,447.7802508,2,0,0,0,8
2199,447.9452343,2,0,0,0,8
2200,448.1102178,2,0,0,0,8
2201,448.2752013,2,0,0,0,8
2202,448.4401848,2,0,0,0,8
2203,448.6051683,2,0,0,0,0
2204,448.7701518,2,0,0,0,0
2205,448.9341354,2,0,0,0,0
2206,449.0991189,2,0,0,0,0
2207,449.2641024,2,0,0,0,0
2208,449.4290859,2,0,0,0,0
2209,449.5940694,2,0,0,0,0
2210,449.7590529,2,0,0,0,0
2211,505.5464736,3,0,0,0,0
2212,505.7114571,3,0,0,0,0
2213,505.8764406,3,0,0,0,0
2214,506.0414241,3,0,0,0,0
2215,506.2064076,3,0,0,0,0
2216,506.3713911,3,0,0,0,0
2217,506.5363746,3,0,0,0,0
2218,506.7013581,3,0,0,0,0
2219,506.8663416,3,0,0,0,0
2220,507.0313251,3,0,0,0,0
2221,507.1953087,3,0,0,0,0
2222,507.3602922,3,0,0,0,0
2223,507.5252757,3,0,0,0,0
2224,507.6902592,3,0,0,0,0
2225,507.8552427,3,0,0,0,0
2226,508.0202262,3,0,0,0,0
2227,508.1852097,3,0,0,0,0
2228,508.3501932,3,0,0,0,0
2229,508.5151767,3,0,0,0,0
2230,508.6801602,3,0,0,0,0
2231,508.8451437,3,0,0,0,0
2232,509.0101272,3,0,0,0,0
2233,509.1751107,3,0,0,0,0
2234,509.3400942,3,0,0,0,0
2235,509.5040778,3,0,0,0,0
2236,509.6690613,3,0,0,0,0
2237,509.8340448,3,0,0,0,0
2238,509.9990283,3,0,0,0,0
2239,510.1640118,3,0,0,0,0
2240,510.3289953,3,0,0,0,0
2241,510.4939788,3,0,0,0,0
2242,510.6589623,3,0,0,0,0
2243,510.8239458,3,0,0,0,0
2244,510.9889293,3,0,0,0,0
2245,511.1539128,3,0,0,0,0
2246,511.3188963,3,0,0,0,0
2247,511.4838798,3,0,0,0,0
2248,511.6488633,3,0,0,0,0
2249,511.8128469,3,0,0,0,0
2250,511.9778304,3,0,0,0,0
2251,512.1428139,3,0,0,0,0
2252,512.3077974,3,0,0,0,0
2253,512.4727809,3,0,0,0,0
2254,512.6377644,3,0,0,0,0
2255,512.8027479,3,0,0,0,0
2256,512.9677314,3,0,0,0,0
2257,513.1327149,3,0,0,0,0
2258,513.2976984,3,0,0,0,0
2259,513.4626819,3,0,0,0,0
2260,513.6276654,3,0,0,0,0
2261,513.7926489,3,0,0,0,0
2262,513.9576324,3,0,0,0,0
2263,514.1226159,3,0,0,0,0
2264,514.2865995,3,0,0,0,0
2265,514.451583,3,0,0,0,0
2266,514.6165665,3,0,0,0,0
2267,514.78155,3,0,0,0,0
2268,514.9465335,3,0,0,0,0
2269,515.111517,3,0,0,0,0
2270,515.2765005,3,0,0,0,0
2271,515.441484,3,0,0,0,0
2272,515.6064675,3,0,9,0,9
2273,515.771451,3,0,9,0,9
2274,515.9364345,3,0,9,0,9
2275,516.101418,3,0,9,0,9
2276,516.2664015,3,0,9,0,9
2277,516.431385,3,0,9,0,9
2278,516.5953686,3,0,9,0,9
2279,516.7603521,3,0,9,0,9
2280,516.9253356,3,0,9,0,9
2281,517.0903191,3,0,9,0,9
2282,517.2553026,3,0,9,0,9
2283,517.4202861,3,0,9,0,9
2284,517.5852696,3,0,9,0,9
2285,517.7502531,3,0,9,0,9
2286,517.9152366,3,0,9,0,9
2287,518.0802201,3,0,9,0,9
2288,518.2452036,3,0,9,0,9
2289,518.4101871,3,0,9,0,9
2290,518.5751706,3,0,9,0,9
2291,518.7401541,3,0,9,0,9
2292,518.9051376,3,0,9,0,9
2293,519.0691212,3,0,9,0,9
2294,519.2341047,3,0,9,0,9
2295,519.3990882,3,0,9,0,9
2296,519.5640717,3,0,9,0,9
2297,519.7290552,3,0,9,0,9
2298,519.8940387,3,0,9,0,9
2299,520.0590222,3,0,9,0,9
2300,520.2240057,3,0,9,0,9
2301,520.3889892,3,0,9,0,9
2302,520.5539727,3,0,9,0,9
2303,520.7189562,3,0,9,0,9
2304,520.8839397,3,0,9,0,9
2305,521.0489232,3,0,9,0,9
2306,521.2139067,3,0,9,0,9
2307,521.3778903,3,0,9,0,9
2308,521.5428738,3,0,9,0,9
2309,521.7078573,3,0,9,0,9
2310,521.8728408,3,0,9,0,9
2311,522.0378243,3,0,9,0,9
2312,522.2028078,3,0,9,0,9
2313,522.3677913,3,0,9,0,9
2314,522.5327748,3,0,9,0,9
2315,522.6977583,3,0,9,0,9
2316,522.8627418,3,0,9,0,9
2317,523.0277253,3,0,9,0,9
2318,523.1927088,3,0,9,0,9
2319,523.3576923,3,0,9,0,9
2320,523.5226758,3,0,9,0,9
2321,523.6876593,3,0,9,0,9
2322,523.8516429,3,0,9,0,9
2323,524.0166264,3,0,9,0,9
2324,524.1816099,3,0,9,0,9
2325,524.3465934,3,0,9,0,9
2326,524.5115769,3,0,9,0,9
2327,524.6765604,3,0,9,0,9
2328,524.8415439,3,0,9,0,9
2329,525.0065274,3,0,9,0,9
2330,525.1715109,3,0,9,0,9
2331,525.3364944,3,0,9,0,9
2332,525.5014779,3,0,9,0,9
2333,525.6664614,3,9,0,9,9
2334,525.8314449,3,9,0,9,9
2335,525.9964284,3,9,0,9,9
2336,526.160412,3,9,0,9,9
2337,526.3253955,3,9,0,9,9
2338,526.490379,3,9,0,9,9
2339,526.6553625,3,9,0,9,9
2340,526.820346,3,9,0,9,9
2341,526.9853295,3,9,0,9,9
2342,527.150313,3,9,0,9,9
2343,527.3152965,3,9,0,9,9
2344,527.48028,3,9,0,9,9
2345,527.6452635,3,0,0,9,9
2346,527.810247,3,0,0,9,9
2347,527.9752305,3,0,0,9,9
2348,528.140214,3,0,0,9,9
2349,528.3051975,3,0,0,9,9
2350,528.4691811,3,0,0,9,9
2351,528.6341646,3,0,0,9,9
2352,528.7991481,3,0,0,9,9
2353,528.9641316,3,0,0,9,9
2354,529.1291151,3,0,0,9,9
2355,529.2940986,3,0,0,9,9
2356,529.4590821,3,0,0,9,9
2357,529.6240656,3,0,0,9,9
2358,529.7890491,3,0,0,9,9
2359,529.9540326,3,0,0,9,9
2360,530.1190161,3,0,0,9,9
2361,530.2839996,3,0,0,9,9
2362,530.4489831,3,0,0,9,9
2363,530.6139666,3,0,0,0,9
2364,530.7789501,3,0,0,0,9
2365,530.9429337,3,0,0,0,9
2366,531.1079172,3,0,0,0,9
2367,531.2729007,3,0,0,0,9
2368,531.4378842,3,0,0,0,9
2369,531.6028677,3,0,0,0,9
2370,531.7678512,3,0,0,0,9
2371,531.9328347,3,0,0,0,9
2372,532.0978182,3,0,0,0,9
2373,532.2628017,3,0,0,0,9
2374,532.4277852,3,0,0,0,9
2375,532.5927687,3,0,0,0,9
2376,532.7577522,3,0,0,0,9
2377,532.9227357,3,0,0,0,9
2378,533.0877192,3,0,0,0,9
2379,533.2517028,3,0,0,0,9
2380,533.4166863,3,0,0,0,9
2381,533.5816698,3,0,0,0,9
2382,533.7466533,3,0,0,0,9
2383,533.9116368,3,0,0,0,9
2384,534.0766203,3,0,0,0,9
2385,534.2416038,3,0,0,0,9
2386,534.4065873,3,0,0,0,9
2387,534.5715708,3,0,0,0,9
2388,534.7365543,3,0,0,0,9
2389,534.9015378,3,0,0,0,9
2390,535.0665213,3,0,0,0,9
2391,535.2315048,3,0,0,0,9
2392,535.3964883,3,0,0,0,9
2393,535.5614718,3,0,0,0,9
2394,535.7254554,3,0,0,0,9
2395,535.8904389,3,0,0,0,9
2396,536.0554224,3,0,0,0,9
2397,536.2204059,3,0,0,0,9
2398,536.3853894,3,0,0,0,9
2399,536.5503729,3,0,0,0,9
2400,536.7153564,3,0,0,0,9
2401,536.8803399,3,0,0,0,9
2402,537.0453234,3,0,0,0,9
2403,537.2103069,3,0,0,0,9
2404,537.3752904,3,0,0,0,9
2405,537.5402739,3,0,0,0,9
2406,537.7052574,3,0,0,0,9
2407,537.8702409,3,0,0,0,9
2408,538.0342245,3,0,0,0,9
2409,538.199208,3,0,0,0,9
2410,538.3641915,3,0,0,0,9
2411,538.529175,3,0,0,0,9
2412,538.6941585,3,0,0,0,9
2413,538.859142,3,0,0,0,9
2414,539.0241255,3,0,0,0,9
2415,539.189109,3,0,0,0,9
2416,539.3540925,3,0,0,0,9
2417,539.519076,3,0,0,0,9
2418,539.6840595,3,0,0,0,9
2419,539.849043,3,0,0,0,9
2420,540.0140265,3,0,0,0,9
2421,540.17901,3,0,0,0,9
2422,540.3439935,3,0,0,0,9
2423,540.5079771,3,0,0,0,9
2424,540.6729606,3,0,0,0,9
2425,540.8379441,3,0,0,0,9
2426,541.0029276,3,0,0,0,9
2427,541.1679111,3,0,0,0,9
2428,541.3328946,3,0,0,0,9
2429,541.4978781,3,0,0,0,9
2430,541.6628616,3,0,0,0,9
2431,541.8278451,3,0,0,0,9
2432,541.9928286,3,0,0,0,9
2433,542.1578121,3,0,0,0,9
2434,542.3227956,3,0,0,0,9
2435,542.4877791,3,0,0,0,9
2436,542.6527626,3,0,0,0,9
2437,542.8167462,3,0,0,0,9
2438,542.9817297,3,0,0,0,9
2439,543.1467132,3,0,0,0,9
2440,543.3116967,3,0,0,0,9
2441,543.4766802,3,0,0,0,9
2442,543.6416637,3,0,0,0,9
2443,543.8066472,3,0,0,0,9
2444,543.9716307,3,0,0,0,9
2445,544.1366142,3,0,0,0,9
2446,544.3015977,3,0,0,0,9
2447,544.4665812,3,0,0,0,9
2448,544.6315647,3,0,0,0,9
2449,544.7965482,3,0,0,0,9
2450,544.9615317,3,0,0,0,9
2451,545.1265152,3,0,0,0,9
2452,545.2904988,3,0,0,0,9
2453,545.4554823,3,0,0,0,9
2454,545.6204658,3,0,0,0,0
2455,545.7854493,3,0,0,0,0
2456,545.9504328,3,0,0,0,0
2457,546.1154163,3,0,0,0,0
2458,546.2803998,3,0,0,0,0
2459,546.4453833,3,0,0,0,0
2460,546.6103668,3,0,0,0,0
2461,546.7753503,3,0,0,0,0
2462,546.9403338,3,0,0,0,0
2463,547.1053173,3,0,0,0,0
2464,547.2703008,3,0,0,0,0
2465,547.4352843,3,0,0,0,0
2466,547.5992679,3,0,0,0,0
2467,547.7642514,3,0,0,0,0
2468,547.9292349,3,0,0,0,0
2469,548.0942184,3,0,0,0,0
2470,548.2592019,3,0,0,0,0
2471,548.4241854,3,0,0,0,0
2472,548.5891689,3,0,0,0,0
2473,548.7541524,3,0,0,0,0
2474,548.9191359,3,0,0,0,0
2475,549.0841194,3,0,0,0,0
2476,549.2491029,3,0,0,0,0
2477,549.4140864,3,0,0,0,0
2478,549.5790699,3,0,0,0,0
2479,549.7440534,3,0,0,0,0
2480,549.9090369,3,0,0,0,0
2481,550.0730205,3,0,0,0,0
2482,550.238004,3,0,0,0,0
2483,550.4029875,3,0,0,0,0
2484,550.567971,3,0,0,0,0
2485,550.7329545,3,0,0,0,0
2486,550.897938,3,0,0,0,0
2487,551.0629215,3,0,0,0,0
2488,551.227905,3,0,0,0,0
2489,551.3928885,3,0,0,0,0
2490,551.557872,3,0,0,0,0
2491,551.7228555,3,0,0,0,0
2492,551.887839,3,0,0,0,0
2493,552.0528225,3,0,0,0,0
2494,552.217806,3,0,0,0,0
2495,552.3817896,3,0,0,0,0
2496,552.5467731,3,0,0,0,0
2497,552.7117566,3,0,0,0,0
2498,552.8767401,3,0,0,0,0
2499,553.0417236,3,0,0,0,0
2500,553.2067071,3,0,0,0,0
2501,553.3716906,3,0,0,0,0
2502,553.5366741,3,0,0,0,0
2503,553.7016576,3,0,0,0,0
2504,553.8666411,3,0,0,0,0
2505,554.0316246,3,0,0,0,0
2506,554.1966081,3,0,0,0,0
2507,554.3615916,3,0,0,0,0
2508,554.5265751,3,0,0,0,0
2509,554.6915586,3,0,0,0,0
2510,554.8555422,3,0,0,0,0
2511,555.0205257,3,0,0,0,0
2512,555.1855092,3,0,0,0,0
2513,555.3504927,3,0,0,0,0
2514,555.5154762,3,0,0,0,0
2515,555.6804597,3,0,0,0,0
2516,555.8454432,3,0,0,0,0
2517,556.0104267,3,0,0,0,0
2518,556.1754102,3,0,0,0,0
2519,556.3403937,3,0,0,0,0
2520,556.5053772,3,0,0,0,0
2521,556.6703607,3,0,0,0,0
2522,556.8353442,3,0,0,0,0
2523,557.0003277,3,0,0,0,0
2524,557.1643113,3,0,0,0,0
2525,557.3292948,3,0,0,0,0
2526,557.4942783,3,0,0,0,0
2527,557.6592618,3,0,0,0,0
2528,557.8242453,3,0,0,0,0
2529,557.9892288,3,0,0,0,0
2530,558.1542123,3,0,0,0,0
2531,558.3191958,3,0,0,0,0
2532,558.4841793,3,0,0,0,0
2533,558.6491628,3,0,0,0,0
2534,558.8141463,3,0,0,0,0
2535,558.9791298,3,0,0,0,0
2536,559.1441133,3,0,0,0,0
2537,559.3090968,3,0,0,0,0
2538,559.4740803,3,0,0,0,0
2539,559.6380639,3,0,0,0,0
2540,559.8030474,3,0,0,0,0
2541,559.9680309,3,0,0,0,0
2542,560.1330144,3,0,0,0,0
2543,560.2979979,3,0,0,0,0
2544,560.4629814,3,0,0,0,0
2545,560.6279649,3,0,0,0,0
2546,560.7929484,3,0,0,0,0
2547,560.9579319,3,0,0,0,0
2548,561.1229154,3,0,0,0,0
2549,561.2878989,3,0,0,0,0
2550,561.4528824,3,0,0,0,0
2551,561.6178659,3,0,0,0,0
2552,561.7828494,3,0,0,0,0
2553,561.946833,3,0,0,0,0
2554,562.1118165,3,0,0,0,0
2555,562.2768,3,0,0,0,0
2556,562.4417835,3,0,0,0,0
2557,562.606767,3,0,10,0,10
2558,562.7717505,3,0,10,0,10
2559,562.936734,3,0,10,0,10
2560,563.1017175,3,0,10,0,10
2561,563.266701,3,0,10,0,10
2562,563.4316845,3,0,10,0,10
2563,563.596668,3,0,10,0,10
2564,563.7616515,3,0,10,0,10
2565,563.926635,3,0,10,0,10
2566,564.0916185,3,0,10,0,10
2567,564.256602,3,0,10,0,10
2568,564.4205856,3,0,10,0,10
2569,564.5855691,3,0,10,0,10
2570,564.7505526,3,0,10,0,10
2571,564.9155361,3,0,10,0,10
2572,565.0805196,3,0,10,0,10
2573,565.2455031,3,0,10,0,10
2574,565.4104866,3,0,10,0,10
2575,565.5754701,3,0,10,0,10
2576,565.7404536,3,0,10,0,10
2577,565.9054371,3,0,10,0,10
2578,566.0704206,3,0,10,0,10
2579,566.2354041,3,0,10,0,10
2580,566.4003876,3,0,10,0,10
2581,566.5653711,3,0,10,0,10
2582,566.7303546,3,0,10,0,10
2583,566.8943382,3,0,10,0,10
2584,567.0593217,3,0,10,0,10
2585,567.2243052,3,0,10,0,10
2586,567.3892887,3,0,10,0,10
2587,567.5542722,3,0,10,0,10
2588,567.7192557,3,0,10,0,10
2589,567.8842392,3,0,10,0,10
2590,568.0492227,3,0,10,0,10
2591,568.2142062,3,0,10,0,10
2592,568.3791897,3,0,10,0,10
2593,568.5441732,3,0,10,0,10
2594,568.7091567,3,0,10,0,10
2595,568.8741402,3,0,10,0,10
2596,569.0391237,3,0,10,0,10
2597,569.2031073,3,0,10,0,10
2598,569.3680908,3,0,10,0,10
2599,569.5330743,3,0,10,0,10
2600,569.6980578,3,0,10,0,10
2601,569.8630413,3,0,10,0,10
2602,570.0280248,3,0,10,0,10
2603,570.1930083,3,0,10,0,10
2604,570.3579918,3,0,10,0,10
2605,570.5229753,3,0,10,0,10
2606,570.6879588,3,0,10,0,10
2607,570.8529423,3,0,10,0,10
2608,571.0179258,3,0,10,0,10
2609,571.1829093,3,0,10,0,10
2610,571.3478928,3,0,10,0,10
2611,571.5128763,3,0,10,0,10
2612,571.6768599,3,0,10,0,10
2613,571.8418434,3,0,10,0,10
2614,572.0068269,3,0,10,0,10
2615,572.1718104,3,0,10,0,10
2616,572.3367939,3,0,10,0,10
2617,572.5017774,3,10,0,10,10
2618,572.6667609,3,10,0,10,10
2619,572.8317444,3,10,0,10,10
2620,572.9967279,3,10,0,10,10
2621,573.1617114,3,10,0,10,10
2622,573.3266949,3,10,0,10,10
2623,573.4916784,3,10,0,10,10
2624,573.6566619,3,10,0,10,10
2625,573.8216454,3,10,0,10,10
2626,573.985629,3,10,0,10,10
2627,574.1506125,3,10,0,10,10
2628,574.315596,3,10,0,10,10
2629,574.4805795,3,10,0,10,10
2630,574.645563,3,0,0,10,10
2631,574.8105465,3,0,0,10,10
2632,574.97553,3,0,0,10,10
2633,575.1405135,3,0,0,10,10
2634,575.305497,3,0,0,10,10
2635,575.4704805,3,0,0,10,10
2636,575.635464,3,0,0,10,10
2637,575.8004475,3,0,0,10,10
2638,575.965431,3,0,0,10,10
2639,576.1304145,3,0,0,10,10
2640,576.295398,3,0,0,10,10
2641,576.4593816,3,0,0,10,10
2642,576.6243651,3,0,0,10,10
2643,576.7893486,3,0,0,10,10
2644,576.9543321,3,0,0,10,10
2645,577.1193156,3,0,0,10,10
2646,577.2842991,3,0,0,10,10
2647,577.4492826,3,0,0,10,10
2648,577.6142661,3,0,0,0,10
2649,577.7792496,3,0,0,0,10
2650,577.9442331,3,0,0,0,10
2651,578.1092166,3,0,0,0,10
2652,578.2742001,3,0,0,0,10
2653,578.4391836,3,0,0,0,10
2654,578.6041671,3,0,0,0,10
2655,578.7681507,3,0,0,0,10
2656,578.9331342,3,0,0,0,10
2657,579.0981177,3,0,0,0,10
2658,579.2631012,3,0,0,0,10
2659,579.4280847,3,0,0,0,10
2660,579.5930682,3,0,0,0,10
2661,579.7580517,3,0,0,0,10
2662,579.9230352,3,0,0,0,10
2663,580.0880187,3,0,0,0,10
2664,580.2530022,3,0,0,0,10
2665,580.4179857,3,0,0,0,10
2666,580.5829692,3,0,0,0,10
2667,580.7479527,3,0,0,0,10
2668,580.9129362,3,0,0,0,10
2669,581.0779197,3,0,0,0,10
2670,581.2419033,3,0,0,0,10
2671,581.4068868,3,0,0,0,10
2672,581.5718703,3,0,0,0,10
2673,581.7368538,3,0,0,0,10
2674,581.9018373,3,0,0,0,10
2675,582.0668208,3,0,0,0,10
2676,582.2318043,3,0,0,0,10
2677,582.3967878,3,0,0,0,10
2678,582.5617713,3,0,0,0,10
2679,582.7267548,3,0,0,0,10
2680,582.8917383,3,0,0,0,10
2681,583.0567218,3,0,0,0,10
2682,583.2217053,3,0,0,0,10
2683,583.3866888,3,0,0,0,10
2684,583.5516723,3,0,0,0,10
2685,583.7156559,3,0,0,0,10
2686,583.8806394,3,0,0,0,10
2687,584.0456229,3,0,0,0,10
2688,584.2106064,3,0,0,0,10
2689,584.3755899,3,0,0,0,10
2690,584.5405734,3,0,0,0,10
2691,584.7055569,3,0,0,0,10
2692,584.8705404,3,0,0,0,10
2693,585.0355239,3,0,0,0,10
2694,585.2005074,3,0,0,0,10
2695,585.3654909,3,0,0,0,10
2696,585.5304744,3,0,0,0,10
2697,585.6954579,3,0,0,0,10
2698,585.8604414,3,0,0,0,10
2699,586.024425,3,0,0,0,10
2700,586.1894085,3,0,0,0,10
2701,586.354392,3,0,0,0,10
2702,586.5193755,3,0,0,0,10
2703,586.684359,3,0,0,0,10
2704,586.8493425,3,0,0,0,10
2705,587.014326,3,0,0,0,10
2706,587.1793095,3,0,0,0,10
2707,587.344293,3,0,0,0,10
2708,587.5092765,3,0,0,0,10
2709,587.67426,3,0,0,0,10
2710,587.8392435,3,0,0,0,10
2711,588.004227,3,0,0,0,10
2712,588.1692105,3,0,0,0,10
2713,588.334194,3,0,0,0,10
2714,588.4981776,3,0,0,0,10
2715,588.6631611,3,0,0,0,10
2716,588.8281446,3,0,0,0,10
2717,588.9931281,3,0,0,0,10
2718,589.1581116,3,0,0,0,10
2719,589.3230951,3,0,0,0,10
2720,589.4880786,3,0,0,0,10
2721,589.6530621,3,0,0,0,10
2722,589.8180456,3,0,0,0,10
2723,589.9830291,3,0,0,0,10
2724,590.1480126,3,0,0,0,10
2725,590.3129961,3,0,0,0,10
2726,590.4779796,3,0,0,0,10
2727,590.6429631,3,0,0,0,10
2728,590.8069467,3,0,0,0,10
2729,590.9719302,3,0,0,0,10
2730,591.1369137,3,0,0,0,10
2731,591.3018972,3,0,0,0,10
2732,591.4668807,3,0,0,0,10
2733,591.6318642,3,0,0,0,10
2734,591.7968477,3,0,0,0,10
2735,591.9618312,3,0,0,0,10
2736,592.1268147,3,0,0,0,10
2737,592.2917982,3,0,0,0,10
2738,592.4567817,3,0,0,0,10
2739,592.6217652,3,0,0,0,0
2740,592.7867487,3,0,0,0,0
2741,592.9517322,3,0,0,0,0
2742,593.1167157,3,0,0,0,0
2743,593.2806993,3,0,0,0,0
2744,593.4456828,3,0,0,0,0
2745,593.6106663,3,0,0,0,0
2746,593.7756498,3,0,0,0,0
2747,593.9406333,3,0,0,0,0
2748,594.1056168,3,0,0,0,0
2749,594.2706003,3,0,0,0,0
2750,594.4355838,3,0,0,0,0
2751,594.6005673,3,0,0,0,0
2752,594.7655508,3,0,0,0,0
2753,594.9305343,3,0,0,0,0
2754,595.0955178,3,0,0,0,0
2755,595.2605013,3,0,0,0,0
2756,595.4254848,3,0,0,0,0
2757,595.5894684,3,0,0,0,0
2758,595.7544519,3,0,0,0,0
2759,595.9194354,3,0,0,0,0
2760,596.0844189,3,0,0,0,0
2761,596.2494024,3,0,0,0,0
2762,596.4143859,3,0,0,0,0
2763,596.5793694,3,0,0,0,0
2764,596.7443529,3,0,0,0,0
2765,596.9093364,3,0,0,0,0
2766,597.0743199,3,0,0,0,0
2767,597.2393034,3,0,0,0,0
2768,597.4042869,3,0,0,0,0
2769,597.5692704,3,0,0,0,0
2770,597.7342539,3,0,0,0,0
2771,597.8992374,3,0,0,0,0
2772,598.063221,3,0,0,0,0
2773,598.2282045,3,0,0,0,0
2774,598.393188,3,0,0,0,0
2775,598.5581715,3,0,0,0,0
2776,598.723155,3,0,0,0,0
2777,598.8881385,3,0,0,0,0
2778,599.053122,3,0,0,0,0
2779,599.2181055,3,0,0,0,0
2780,599.383089,3,0,0,0,0
2781,599.5480725,3,0,0,0,0
2782,599.713056,3,0,0,0,0
2783,599.8780395,3,0,0,0,0
2784,600.043023,3,0,0,0,0
2785,600.2080065,3,0,0,0,0
2786,600.37299,3,0,0,0,0
2787,600.5369736,3,0,0,0,0
2788,600.7019571,3,0,0,0,0
2789,600.8669406,3,0,0,0,0
2790,601.0319241,3,0,0,0,0
2791,601.1969076,3,0,0,0,0
2792,601.3618911,3,0,0,0,0
2793,601.5268746,3,0,0,0,0
2794,601.6918581,3,0,0,0,0
2795,601.8568416,3,0,0,0,0
2796,602.0218251,3,0,0,0,0
2797,602.1868086,3,0,0,0,0
2798,602.3517921,3,0,0,0,0
2799,602.5167756,3,0,0,0,0
2800,602.6817591,3,0,0,0,0
2801,602.8457427,3,0,0,0,0
2802,603.0107262,3,0,0,0,0
2803,603.1757097,3,0,0,0,0
2804,603.3406932,3,0,0,0,0
2805,603.5056767,3,0,0,0,0
2806,603.6706602,3,0,0,0,0
2807,603.8356437,3,0,0,0,0
2808,604.0006272,3,0,0,0,0
2809,604.1656107,3,0,0,0,0
2810,604.3305942,3,0,0,0,0
2811,604.4955777,3,0,0,0,0
2812,604.6605612,3,0,0,0,0
2813,604.8255447,3,0,0,0,0
2814,604.9905282,3,0,0,0,0
2815,605.1555117,3,0,0,0,0
2816,605.3194953,3,0,0,0,0
2817,605.4844788,3,0,0,0,0
2818,605.6494623,3,0,0,0,0
2819,605.8144458,3,0,0,0,0
2820,605.9794293,3,0,0,0,0
2821,606.1444128,3,0,0,0,0
2822,606.3093963,3,0,0,0,0
2823,606.4743798,3,0,0,0,0
2824,606.6393633,3,0,0,0,0
2825,606.8043468,3,0,0,0,0
2826,606.9693303,3,0,0,0,0
2827,607.1343138,3,0,0,0,0
2828,607.2992973,3,0,0,0,0
2829,607.4642808,3,0,0,0,0
2830,607.6292643,3,0,0,0,0
2831,607.7932479,3,0,0,0,0
2832,607.9582314,3,0,0,0,0
2833,608.1232149,3,0,0,0,0
2834,608.2881984,3,0,0,0,0
2835,608.4531819,3,0,0,0,0
2836,608.6181654,3,0,0,0,0
2837,608.7831489,3,0,0,0,0
2838,608.9481324,3,0,0,0,0
2839,609.1131159,3,0,0,0,0
2840,609.2780994,3,0,0,0,0
2841,609.4430829,3,0,0,0,0
2842,609.6080664,3,0,11,0,11
2843,609.7730499,3,0,11,0,11
2844,609.9380334,3,0,11,0,11
2845,610.102017,3,0,11,0,11
2846,610.2670005,3,0,11,0,11
2847,610.431984,3,0,11,0,11
2848,610.5969675,3,0,11,0,11
2849,610.761951,3,0,11,0,11
2850,610.9269345,3,0,11,0,11
2851,611.091918,3,0,11,0,11
2852,611.2569015,3,0,11,0,11
2853,611.421885,3,0,11,0,11
2854,611.5868685,3,0,11,0,11
2855,611.751852,3,0,11,0,11
2856,611.9168355,3,0,11,0,11
2857,612.081819,3,0,11,0,11
2858,612.2468025,3,0,11,0,11
2859,612.411786,3,0,11,0,11
2860,612.5757696,3,0,11,0,11
2861,612.7407531,3,0,11,0,11
2862,612.9057366,3,0,11,0,11
2863,613.0707201,3,0,11,0,11
2864,613.2357036,3,0,11,0,11
2865,613.4006871,3,0,11,0,11
2866,613.5656706,3,0,11,0,11
2867,613.7306541,3,0,11,0,11
2868,613.8956376,3,0,11,0,11
2869,614.0606211,3,0,11,0,11
2870,614.2256046,3,0,11,0,11
2871,614.3905881,3,0,11,0,11
2872,614.5555716,3,0,11,0,11
2873,614.7205551,3,0,11,0,11
2874,614.8845387,3,0,11,0,11
2875,615.0495222,3,0,11,0,11
2876,615.2145057,3,0,11,0,11
2877,615.3794892,3,0,11,0,11
2878,615.5444727,3,0,11,0,11
2879,615.7094562,3,0,11,0,11
2880,615.8744397,3,0,11,0,11
2881,616.0394232,3,0,11,0,11
2882,616.2044067,3,0,11,0,11
2883,616.3693902,3,0,11,0,11
2884,616.5343737,3,0,11,0,11
2885,616.6993572,3,0,11,0,11
2886,616.8643407,3,0,11,0,11
2887,617.0293242,3,0,11,0,11
2888,617.1943077,3,0,11,0,11
2889,617.3582913,3,0,11,0,11
2890,617.5232748,3,0,11,0,11
2891,617.6882583,3,0,11,0,11
2892,617.8532418,3,0,11,0,11
2893,618.0182253,3,0,11,0,11
2894,618.1832088,3,0,11,0,11
2895,618.3481923,3,0,11,0,11
2896,618.5131758,3,0,11,0,11
2897,618.6781593,3,0,11,0,11
2898,618.8431428,3,0,11,0,11
2899,619.0081263,3,0,11,0,11
2900,619.1731098,3,0,11,0,11
2901,619.3380933,3,0,11,0,11
2902,619.5030768,3,11,0,11,11
2903,619.6680603,3,11,0,11,11
2904,619.8320439,3,11,0,11,11
2905,619.9970274,3,11,0,11,11
2906,620.1620109,3,11,0,11,11
2907,620.3269944,3,11,0,11,11
2908,620.4919779,3,11,0,11,11
2909,620.6569614,3,11,0,11,11
2910,620.8219449,3,11,0,11,11
2911,620.9869284,3,11,0,11,11
2912,621.1519119,3,11,0,11,11
2913,621.3168954,3,11,0,11,11
2914,621.4818789,3,0,0,11,11
2915,621.6468624,3,0,0,11,11
2916,621.8118459,3,0,0,11,11
2917,621.9768294,3,0,0,11,11
2918,622.140813,3,0,0,11,11
2919,622.3057965,3,0,0,11,11
2920,622.47078,3,0,0,11,11
2921,622.6357635,3,0,0,11,11
2922,622.800747,3,0,0,11,11
2923,622.9657305,3,0,0,11,11
2924,623.130714,3,0,0,11,11
2925,623.2956975,3,0,0,11,11
2926,623.460681,3,0,0,11,11
2927,623.6256645,3,0,0,11,11
2928,623.790648,3,0,0,11,11
2929,623.9556315,3,0,0,11,11
2930,624.120615,3,0,0,11,11
2931,624.2855985,3,0,0,11,11
2932,624.450582,3,0,0,11,11
2933,624.6145656,3,0,0,0,11
2934,624.7795491,3,0,0,0,11
2935,624.9445326,3,0,0,0,11
2936,625.1095161,3,0,0,0,11
2937,625.2744996,3,0,0,0,11
2938,625.4394831,3,0,0,0,11
2939,625.6044666,3,0,0,0,11
2940,625.7694501,3,0,0,0,11
2941,625.9344336,3,0,0,0,11
2942,626.0994171,3,0,0,0,11
2943,626.2644006,3,0,0,0,11
2944,626.4293841,3,0,0,0,11
2945,626.5943676,3,0,0,0,11
2946,626.7593511,3,0,0,0,11
2947,626.9243346,3,0,0,0,11
2948,627.0883182,3,0,0,0,11
2949,627.2533017,3,0,0,0,11
2950,627.4182852,3,0,0,0,11
2951,627.5832687,3,0,0,0,11
2952,627.7482522,3,0,0,0,11
2953,627.9132357,3,0,0,0,11
2954,628.0782192,3,0,0,0,11
2955,628.2432027,3,0,0,0,11
2956,628.4081862,3,0,0,0,11
2957,628.5731697,3,0,0,0,11
2958,628.7381532,3,0,0,0,11
2959,628.9031367,3,0,0,0,11
2960,629.0681202,3,0,0,0,11
2961,629.2331037,3,0,0,0,11
2962,629.3970873,3,0,0,0,11
2963,629.5620708,3,0,0,0,11
2964,629.7270543,3,0,0,0,11
2965,629.8920378,3,0,0,0,11
2966,630.0570213,3,0,0,0,11
2967,630.2220048,3,0,0,0,11
2968,630.3869883,3,0,0,0,11
2969,630.5519718,3,0,0,0,11
2970,630.7169553,3,0,0,0,11
2971,630.8819388,3,0,0,0,11
2972,631.0469223,3,0,0,0,11
2973,631.2119058,3,0,0,0,11
2974,631.3768893,3,0,0,0,11
2975,631.5418728,3,0,0,0,11
2976,631.7068563,3,0,0,0,11
2977,631.8708399,3,0,0,0,11
2978,632.0358234,3,0,0,0,11
2979,632.2008069,3,0,0,0,11
2980,632.3657904,3,0,0,0,11
2981,632.5307739,3,0,0,0,11
2982,632.6957574,3,0,0,0,11
2983,632.8607409,3,0,0,0,11
2984,633.0257244,3,0,0,0,11
2985,633.1907079,3,0,0,0,11
2986,633.3556914,3,0,0,0,11
2987,633.5206749,3,0,0,0,11
2988,633.6856584,3,0,0,0,11
2989,633.8506419,3,0,0,0,11
2990,634.0156254,3,0,0,0,11
2991,634.179609,3,0,0,0,11
2992,634.3445925,3,0,0,0,11
2993,634.509576,3,0,0,0,11
2994,634.6745595,3,0,0,0,11
2995,634.839543,3,0,0,0,11
2996,635.0045265,3,0,0,0,11
2997,635.16951,3,0,0,0,11
2998,635.3344935,3,0,0,0,11
2999,635.499477,3,0,0,0,11
3000,635.6644605,3,0,0,0,11
3001,635.829444,3,0,0,0,11
3002,635.9944275,3,0,0,0,11
3003,636.159411,3,0,0,0,11
3004,636.3243945,3,0,0,0,11
3005,636.489378,3,0,0,0,11
3006,636.6533616,3,0,0,0,11
3007,636.8183451,3,0,0,0,11
3008,636.9833286,3,0,0,0,11
3009,637.1483121,3,0,0,0,11
3010,637.3132956,3,0,0,0,11
3011,637.4782791,3,0,0,0,11
3012,637.6432626,3,0,0,0,11
3013,637.8082461,3,0,0,0,11
3014,637.9732296,3,0,0,0,11
3015,638.1382131,3,0,0,0,11
3016,638.3031966,3,0,0,0,11
3017,638.4681801,3,0,0,0,11
3018,638.6331636,3,0,0,0,11
3019,638.7981471,3,0,0,0,11
3020,638.9631306,3,0,0,0,11
3021,639.1271142,3,0,0,0,11
3022,639.2920977,3,0,0,0,11
3023,639.4570812,3,0,0,0,11
3024,639.6220647,3,0,0,0,0
3025,639.7870482,3,0,0,0,0
3026,639.9520317,3,0,0,0,0
3027,640.1170152,3,0,0,0,0
3028,640.2819987,3,0,0,0,0
3029,640.4469822,3,0,0,0,0
3030,640.6119657,3,0,0,0,0
3031,640.7769492,3,0,0,0,0
3032,640.9419327,3,0,0,0,0
3033,641.1069162,3,0,0,0,0
3034,641.2718997,3,0,0,0,0
3035,641.4358833,3,0,0,0,0
3036,641.6008668,3,0,0,0,0
3037,641.7658503,3,0,0,0,0
3038,641.9308338,3,0,0,0,0
3039,642.0958173,3,0,0,0,0
3040,642.2608008,3,0,0,0,0
3041,642.4257843,3,0,0,0,0
3042,642.5907678,3,0,0,0,0
3043,642.7557513,3,0,0,0,0
3044,642.9207348,3,0,0,0,0
3045,643.0857183,3,0,0,0,0
3046,643.2507018,3,0,0,0,0
3047,643.4156853,3,0,0,0,0
3048,643.5806688,3,0,0,0,0
3049,643.7456523,3,0,0,0,0
3050,643.9096359,3,0,0,0,0
3051,644.0746194,3,0,0,0,0
3052,644.2396029,3,0,0,0,0
3053,644.4045864,3,0,0,0,0
3054,644.5695699,3,0,0,0,0
3055,644.7345534,3,0,0,0,0
3056,644.8995369,3,0,0,0,0
3057,645.0645204,3,0,0,0,0
3058,645.2295039,3,0,0,0,0
3059,645.3944874,3,0,0,0,0
3060,645.5594709,3,0,0,0,0
3061,645.7244544,3,0,0,0,0
3062,645.8894379,3,0,0,0,0
3063,646.0544214,3,0,0,0,0
3064,646.2194049,3,0,0,0,0
3065,646.3833885,3,0,0,0,0
3066,646.548372,3,0,0,0,0
3067,646.7133555,3,0,0,0,0
3068,646.878339,3,0,0,0,0
3069,647.0433225,3,0,0,0,0
3070,647.208306,3,0,0,0,0
3071,647.3732895,3,0,0,0,0
3072,647.538273,3,0,0,0,0
3073,647.7032565,3,0,0,0,0
3074,647.86824,3,0,0,0,0
3075,648.0332235,3,0,0,0,0
3076,648.198207,3,0,0,0,0
3077,648.3631905,3,0,0,0,0
3078,648.528174,3,0,0,0,0
3079,648.6921576,3,0,0,0,0
3080,648.8571411,3,0,0,0,0
3081,649.0221246,3,0,0,0,0
3082,649.1871081,3,0,0,0,0
3083,649.3520916,3,0,0,0,0
3084,649.5170751,3,0,0,0,0
3085,649.6820586,3,0,0,0,0
3086,649.8470421,3,0,0,0,0
3087,650.0120256,3,0,0,0,0
3088,650.1770091,3,0,0,0,0
3089,650.3419926,3,0,0,0,0
3090,650.5069761,3,0,0,0,0
3091,650.6719596,3,0,0,0,0
3092,650.8369431,3,0,0,0,0
3093,651.0019266,3,0,0,0,0
3094,651.1659102,3,0,0,0,0
3095,651.3308937,3,0,0,0,0
3096,651.4958772,3,0,0,0,0
3097,651.6608607,3,0,0,0,0
3098,651.8258442,3,0,0,0,0
3099,651.9908277,3,0,0,0,0
3100,652.1558112,3,0,0,0,0
3101,652.3207947,3,0,0,0,0
3102,652.4857782,3,0,0,0,0
3103,652.6507617,3,0,0,0,0
3104,652.8157452,3,0,0,0,0
3105,652.9807287,3,0,0,0,0
3106,653.1457122,3,0,0,0,0
3107,653.3106957,3,0,0,0,0
3108,653.4756792,3,0,0,0,0
3109,653.6396628,3,0,0,0,0
3110,653.8046463,3,0,0,0,0
3111,653.9696298,3,0,0,0,0
3112,654.1346133,3,0,0,0,0
3113,654.2995968,3,0,0,0,0
3114,654.4645803,3,0,0,0,0
3115,654.6295638,3,0,0,0,0
3116,654.7945473,3,0,0,0,0
3117,654.9595308,3,0,0,0,0
3118,655.1245143,3,0,0,0,0
3119,655.2894978,3,0,0,0,0
3120,655.4544813,3,0,0,0,0
3121,655.6194648,3,0,0,0,0
3122,655.7844483,3,0,0,0,0
3123,655.9484319,3,0,0,0,0
3124,656.1134154,3,0,0,0,0
3125,656.2783989,3,0,0,0,0
3126,656.4433824,3,0,12,0,12
3127,656.6083659,3,0,12,0,12
3128,656.7733494,3,0,12,0,12
3129,656.9383329,3,0,12,0,12
3130,657.1033164,3,0,12,0,12
3131,657.2682999,3,0,12,0,12
3132,657.4332834,3,0,12,0,12
3133,657.5982669,3,0,12,0,12
3134,657.7632504,3,0,12,0,12
3135,657.9282339,3,0,12,0,12
3136,658.0932174,3,0,12,0,12
3137,658.2582009,3,0,12,0,12
3138,658.4221845,3,0,12,0,12
3139,658.587168,3,0,12,0,12
3140,658.7521515,3,0,12,0,12
3141,658.917135,3,0,12,0,12
3142,659.0821185,3,0,12,0,12
3143,659.247102,3,0,12,0,12
3144,659.4120855,3,0,12,0,12
3145,659.577069,3,0,12,0,12
3146,659.7420525,3,0,12,0,12
3147,659.907036,3,0,12,0,12
3148,660.0720195,3,0,12,0,12
3149,660.237003,3,0,12,0,12
3150,660.4019865,3,0,12,0,12
3151,660.56697,3,0,12,0,12
3152,660.7319535,3,0,12,0,12
3153,660.8959371,3,0,12,0,12
3154,661.0609206,3,0,12,0,12
3155,661.2259041,3,0,12,0,12
3156,661.3908876,3,0,12,0,12
3157,661.5558711,3,0,12,0,12
3158,661.7208546,3,0,12,0,12
3159,661.8858381,3,0,12,0,12
3160,662.0508216,3,0,12,0,12
3161,662.2158051,3,0,12,0,12
3162,662.3807886,3,0,12,0,12
3163,662.5457721,3,0,12,0,12
3164,662.7107556,3,0,12,0,12
3165,662.8757391,3,0,12,0,12
3166,663.0407226,3,0,12,0,12
3167,663.2057061,3,0,12,0,12
3168,663.3696897,3,0,12,0,12
3169,663.5346732,3,0,12,0,12
3170,663.6996567,3,0,12,0,12
3171,663.8646402,3,0,12,0,12
3172,664.0296237,3,0,12,0,12
3173,664.1946072,3,0,12,0,12
3174,664.3595907,3,0,12,0,12
3175,664.5245742,3,0,12,0,12
3176,664.6895577,3,0,12,0,12
3177,664.8545412,3,0,12,0,12
3178,665.0195247,3,0,12,0,12
3179,665.1845082,3,0,12,0,12
3180,665.3494917,3,0,12,0,12
3181,665.5144752,3,0,12,0,12
3182,665.6784588,3,0,12,0,12
3183,665.8434423,3,0,12,0,12
3184,666.0084258,3,0,12,0,12
3185,666.1734093,3,0,12,0,12
3186,666.3383928,3,0,12,0,12
3187,666.5033763,3,12,0,12,12
3188,666.6683598,3,12,0,12,12
3189,666.8333433,3,12,0,12,12
3190,666.9983268,3,12,0,12,12
3191,667.1633103,3,12,0,12,12
3192,667.3282938,3,12,0,12,12
3193,667.4932773,3,12,0,12,12
3194,667.6582608,3,12,0,12,12
3195,667.8232443,3,12,0,12,12
3196,667.9882278,3,12,0,12,12
3197,668.1522114,3,12,0,12,12
3198,668.3171949,3,12,0,12,12
3199,668.4821784,3,0,0,12,12
3200,668.6471619,3,0,0,12,12
3201,668.8121454,3,0,0,12,12
3202,668.9771289,3,0,0,12,12
3203,669.1421124,3,0,0,12,12
3204,669.3070959,3,0,0,12,12
3205,669.4720794,3,0,0,12,12
3206,669.6370629,3,0,0,12,12
3207,669.8020464,3,0,0,12,12
3208,669.9670299,3,0,0,12,12
3209,670.1320134,3,0,0,12,12
3210,670.2969969,3,0,0,12,12
3211,670.4619804,3,0,0,12,12
3212,670.625964,3,0,0,12,12
3213,670.7909475,3,0,0,12,12
3214,670.955931,3,0,0,12,12
3215,671.1209145,3,0,0,12,12
3216,671.285898,3,0,0,12,12
3217,671.4508815,3,0,0,0,12
3218,671.615865,3,0,0,0,12
3219,671.7808485,3,0,0,0,12
3220,671.945832,3,0,0,0,12
3221,672.1108155,3,0,0,0,12
3222,672.275799,3,0,0,0,12
3223,672.4407825,3,0,0,0,12
3224,672.605766,3,0,0,0,12
3225,672.7707495,3,0,0,0,12
3226,672.9347331,3,0,0,0,12
3227,673.0997166,3,0,0,0,12
3228,673.2647001,3,0,0,0,12
3229,673.4296836,3,0,0,0,12
3230,673.5946671,3,0,0,0,12
3231,673.7596506,3,0,0,0,12
3232,673.9246341,3,0,0,0,12
3233,674.0896176,3,0,0,0,12
3234,674.2546011,3,0,0,0,12
3235,674.4195846,3,0,0,0,12
3236,674.5845681,3,0,0,0,12
3237,674.7495516,3,0,0,0,12
3238,674.9145351,3,0,0,0,12
3239,675.0795186,3,0,0,0,12
3240,675.2445021,3,0,0,0,12
3241,675.4084857,3,0,0,0,12
3242,675.5734692,3,0,0,0,12
3243,675.7384527,3,0,0,0,12
3244,675.9034362,3,0,0,0,12
3245,676.0684197,3,0,0,0,12
3246,676.2334032,3,0,0,0,12
3247,676.3983867,3,0,0,0,12
3248,676.5633702,3,0,0,0,12
3249,676.7283537,3,0,0,0,12
3250,676.8933372,3,0,0,0,12
3251,677.0583207,3,0,0,0,12
3252,677.2233042,3,0,0,0,12
3253,677.3882877,3,0,0,0,12
3254,677.5532712,3,0,0,0,12
3255,677.7182547,3,0,0,0,12
3256,677.8822383,3,0,0,0,12
3257,678.0472218,3,0,0,0,12
3258,678.2122053,3,0,0,0,12
3259,678.3771888,3,0,0,0,12
3260,678.5421723,3,0,0,0,12
3261,678.7071558,3,0,0,0,12
3262,678.8721393,3,0,0,0,12
3263,679.0371228,3,0,0,0,12
3264,679.2021063,3,0,0,0,12
3265,679.3670898,3,0,0,0,12
3266,679.5320733,3,0,0,0,12
3267,679.6970568,3,0,0,0,12
3268,679.8620403,3,0,0,0,12
3269,680.0270238,3,0,0,0,12
3270,680.1910074,3,0,0,0,12
3271,680.3559909,3,0,0,0,12
3272,680.5209744,3,0,0,0,12
3273,680.6859579,3,0,0,0,12
3274,680.8509414,3,0,0,0,12
3275,681.0159249,3,0,0,0,12
3276,681.1809084,3,0,0,0,12
3277,681.3458919,3,0,0,0,12
3278,681.5108754,3,0,0,0,12
3279,681.6758589,3,0,0,0,12
3280,681.8408424,3,0,0,0,12
3281,682.0058259,3,0,0,0,12
3282,682.1708094,3,0,0,0,12
3283,682.3357929,3,0,0,0,12
3284,682.5007764,3,0,0,0,12
3285,682.66476,3,0,0,0,12
3286,682.8297435,3,0,0,0,12
3287,682.994727,3,0,0,0,12
3288,683.1597105,3,0,0,0,12
3289,683.324694,3,0,0,0,12
3290,683.4896775,3,0,0,0,12
3291,683.654661,3,0,0,0,12
3292,683.8196445,3,0,0,0,12
3293,683.984628,3,0,0,0,12
3294,684.1496115,3,0,0,0,12
3295,684.314595,3,0,0,0,12
3296,684.4795785,3,0,0,0,12
3297,684.644562,3,0,0,0,12
3298,684.8095455,3,0,0,0,12
3299,684.974529,3,0,0,0,12
3300,685.1385126,3,0,0,0,12
3301,685.3034961,3,0,0,0,12
3302,685.4684796,3,0,0,0,12
3303,685.6334631,3,0,0,0,12
3304,685.7984466,3,0,0,0,12
3305,685.9634301,3,0,0,0,12
3306,686.1284136,3,0,0,0,12
3307,686.2933971,3,0,0,0,12
3308,686.4583806,3,0,0,0,0
3309,686.6233641,3,0,0,0,0
3310,686.7883476,3,0,0,0,0
3311,686.9533311,3,0,0,0,0
3312,687.1183146,3,0,0,0,0
3313,687.2832981,3,0,0,0,0
3314,687.4472817,3,0,0,0,0
3315,687.6122652,3,0,0,0,0
